--
-- PostgreSQL database dump
--

-- Dumped from database version 9.5.3
-- Dumped by pg_dump version 9.5.3

-- Started on 2017-03-12 12:29:46

SET statement_timeout = 0;
SET lock_timeout = 0;
SET client_encoding = 'UTF8';
SET standard_conforming_strings = on;
SET check_function_bodies = false;
SET client_min_messages = warning;
SET row_security = off;

--
-- TOC entry 9 (class 2615 OID 36774)
-- Name: postgis; Type: SCHEMA; Schema: -; Owner: postgres
--

CREATE SCHEMA postgis;


ALTER SCHEMA postgis OWNER TO postgres;

--
-- TOC entry 1 (class 3079 OID 12355)
-- Name: plpgsql; Type: EXTENSION; Schema: -; Owner: 
--

CREATE EXTENSION IF NOT EXISTS plpgsql WITH SCHEMA pg_catalog;


--
-- TOC entry 3518 (class 0 OID 0)
-- Dependencies: 1
-- Name: EXTENSION plpgsql; Type: COMMENT; Schema: -; Owner: 
--

COMMENT ON EXTENSION plpgsql IS 'PL/pgSQL procedural language';


--
-- TOC entry 2 (class 3079 OID 36775)
-- Name: postgis; Type: EXTENSION; Schema: -; Owner: 
--

CREATE EXTENSION IF NOT EXISTS postgis WITH SCHEMA postgis;


--
-- TOC entry 3519 (class 0 OID 0)
-- Dependencies: 2
-- Name: EXTENSION postgis; Type: COMMENT; Schema: -; Owner: 
--

COMMENT ON EXTENSION postgis IS 'PostGIS geometry, geography, and raster spatial types and functions';


SET search_path = public, pg_catalog;

SET default_tablespace = '';

SET default_with_oids = false;

--
-- TOC entry 184 (class 1259 OID 26916)
-- Name: cell; Type: TABLE; Schema: public; Owner: postgres
--

CREATE TABLE cell (
    id bigint NOT NULL,
    x_array integer NOT NULL,
    y_array integer NOT NULL,
    project_id bigint,
    height double precision,
    area postgis.geometry(Polygon,4326),
    district_id bigint,
    constant_infiltration_capacity double precision,
    initial_infiltration_capacity double precision,
    k_value double precision,
    water_proof_percentage double precision,
    psi_or_bi double precision
);


ALTER TABLE cell OWNER TO postgres;

--
-- TOC entry 186 (class 1259 OID 27030)
-- Name: cell_height_water; Type: TABLE; Schema: public; Owner: postgres
--

CREATE TABLE cell_height_water (
    id bigint NOT NULL,
    cell_id bigint NOT NULL,
    value real NOT NULL,
    start_time bigint,
    end_time bigint,
    project_id bigint
);


ALTER TABLE cell_height_water OWNER TO postgres;

--
-- TOC entry 190 (class 1259 OID 27235)
-- Name: cell_height_water_id_seq; Type: SEQUENCE; Schema: public; Owner: postgres
--

CREATE SEQUENCE cell_height_water_id_seq
    START WITH 1
    INCREMENT BY 1
    NO MINVALUE
    NO MAXVALUE
    CACHE 1;


ALTER TABLE cell_height_water_id_seq OWNER TO postgres;

--
-- TOC entry 3520 (class 0 OID 0)
-- Dependencies: 190
-- Name: cell_height_water_id_seq; Type: SEQUENCE OWNED BY; Schema: public; Owner: postgres
--

ALTER SEQUENCE cell_height_water_id_seq OWNED BY cell_height_water.id;


--
-- TOC entry 189 (class 1259 OID 27230)
-- Name: cell_id_seq; Type: SEQUENCE; Schema: public; Owner: postgres
--

CREATE SEQUENCE cell_id_seq
    START WITH 1
    INCREMENT BY 1
    NO MINVALUE
    NO MAXVALUE
    CACHE 1;


ALTER TABLE cell_id_seq OWNER TO postgres;

--
-- TOC entry 3521 (class 0 OID 0)
-- Dependencies: 189
-- Name: cell_id_seq; Type: SEQUENCE OWNED BY; Schema: public; Owner: postgres
--

ALTER SEQUENCE cell_id_seq OWNED BY cell.id;


--
-- TOC entry 185 (class 1259 OID 27010)
-- Name: cell_state; Type: TABLE; Schema: public; Owner: postgres
--

CREATE TABLE cell_state (
    id bigint NOT NULL,
    cell_id bigint NOT NULL,
    state_id bigint NOT NULL,
    project_id bigint,
    start_time bigint,
    end_time bigint
);


ALTER TABLE cell_state OWNER TO postgres;

--
-- TOC entry 191 (class 1259 OID 27237)
-- Name: cell_state_id_seq; Type: SEQUENCE; Schema: public; Owner: postgres
--

CREATE SEQUENCE cell_state_id_seq
    START WITH 1
    INCREMENT BY 1
    NO MINVALUE
    NO MAXVALUE
    CACHE 1;


ALTER TABLE cell_state_id_seq OWNER TO postgres;

--
-- TOC entry 3522 (class 0 OID 0)
-- Dependencies: 191
-- Name: cell_state_id_seq; Type: SEQUENCE OWNED BY; Schema: public; Owner: postgres
--

ALTER SEQUENCE cell_state_id_seq OWNED BY cell_state.id;


--
-- TOC entry 183 (class 1259 OID 26874)
-- Name: district; Type: TABLE; Schema: public; Owner: postgres
--

CREATE TABLE district (
    id bigint NOT NULL,
    area polygon,
    name character varying(50) NOT NULL,
    state character varying(50),
    country character varying(50) NOT NULL
);


ALTER TABLE district OWNER TO postgres;

--
-- TOC entry 192 (class 1259 OID 27239)
-- Name: district_id_seq; Type: SEQUENCE; Schema: public; Owner: postgres
--

CREATE SEQUENCE district_id_seq
    START WITH 1
    INCREMENT BY 1
    NO MINVALUE
    NO MAXVALUE
    CACHE 1;


ALTER TABLE district_id_seq OWNER TO postgres;

--
-- TOC entry 3523 (class 0 OID 0)
-- Dependencies: 192
-- Name: district_id_seq; Type: SEQUENCE OWNED BY; Schema: public; Owner: postgres
--

ALTER SEQUENCE district_id_seq OWNED BY district.id;


--
-- TOC entry 211 (class 1259 OID 38759)
-- Name: project; Type: TABLE; Schema: public; Owner: postgres
--

CREATE TABLE project (
    id bigint NOT NULL,
    name character varying(50),
    description text,
    cell_size integer,
    time_step integer,
    end_time bigint,
    done boolean,
    model character varying(50),
    area postgis.geometry(Polygon,4326),
    variable_id bigint,
    start_time bigint
);


ALTER TABLE project OWNER TO postgres;

--
-- TOC entry 210 (class 1259 OID 38757)
-- Name: project_id_seq; Type: SEQUENCE; Schema: public; Owner: postgres
--

CREATE SEQUENCE project_id_seq
    START WITH 1
    INCREMENT BY 1
    NO MINVALUE
    NO MAXVALUE
    CACHE 1;


ALTER TABLE project_id_seq OWNER TO postgres;

--
-- TOC entry 3524 (class 0 OID 0)
-- Dependencies: 210
-- Name: project_id_seq; Type: SEQUENCE OWNED BY; Schema: public; Owner: postgres
--

ALTER SEQUENCE project_id_seq OWNED BY project.id;


--
-- TOC entry 188 (class 1259 OID 27201)
-- Name: state; Type: TABLE; Schema: public; Owner: postgres
--

CREATE TABLE state (
    id integer NOT NULL,
    name character varying(50) NOT NULL,
    active boolean NOT NULL
);


ALTER TABLE state OWNER TO postgres;

--
-- TOC entry 187 (class 1259 OID 27199)
-- Name: state_id_seq; Type: SEQUENCE; Schema: public; Owner: postgres
--

CREATE SEQUENCE state_id_seq
    START WITH 1
    INCREMENT BY 1
    NO MINVALUE
    NO MAXVALUE
    CACHE 1;


ALTER TABLE state_id_seq OWNER TO postgres;

--
-- TOC entry 3525 (class 0 OID 0)
-- Dependencies: 187
-- Name: state_id_seq; Type: SEQUENCE OWNED BY; Schema: public; Owner: postgres
--

ALTER SEQUENCE state_id_seq OWNED BY state.id;


--
-- TOC entry 209 (class 1259 OID 38151)
-- Name: variable; Type: TABLE; Schema: public; Owner: postgres
--

CREATE TABLE variable (
    id bigint NOT NULL,
    using_drainage boolean,
    using_evapotranspiration boolean,
    evapotranspiration_by_data boolean,
    radiation double precision,
    geothermal double precision,
    cn double precision,
    cd double precision,
    saturated_water_vapor double precision,
    water_vapor double precision,
    wind_speed double precision,
    mean_temperature double precision,
    psychometric double precision,
    drainage_value double precision,
    evapotranspiration_value double precision,
    delta double precision,
    drainage_by_data boolean,
    discharge double precision,
    side double precision
);


ALTER TABLE variable OWNER TO postgres;

--
-- TOC entry 208 (class 1259 OID 38149)
-- Name: variable_id_seq; Type: SEQUENCE; Schema: public; Owner: postgres
--

CREATE SEQUENCE variable_id_seq
    START WITH 1
    INCREMENT BY 1
    NO MINVALUE
    NO MAXVALUE
    CACHE 1;


ALTER TABLE variable_id_seq OWNER TO postgres;

--
-- TOC entry 3526 (class 0 OID 0)
-- Dependencies: 208
-- Name: variable_id_seq; Type: SEQUENCE OWNED BY; Schema: public; Owner: postgres
--

ALTER SEQUENCE variable_id_seq OWNED BY variable.id;


--
-- TOC entry 213 (class 1259 OID 38844)
-- Name: weather_data; Type: TABLE; Schema: public; Owner: postgres
--

CREATE TABLE weather_data (
    id integer NOT NULL,
    geothermal double precision,
    max_temperature double precision,
    min_temperature double precision,
    rain double precision,
    radiation double precision,
    relative_humidity double precision,
    water_vapor double precision,
    wind_speed double precision,
    wind_degree double precision,
    district_id bigint,
    start_time bigint,
    end_time bigint
);


ALTER TABLE weather_data OWNER TO postgres;

--
-- TOC entry 212 (class 1259 OID 38842)
-- Name: weather_data_id_seq; Type: SEQUENCE; Schema: public; Owner: postgres
--

CREATE SEQUENCE weather_data_id_seq
    START WITH 1
    INCREMENT BY 1
    NO MINVALUE
    NO MAXVALUE
    CACHE 1;


ALTER TABLE weather_data_id_seq OWNER TO postgres;

--
-- TOC entry 3527 (class 0 OID 0)
-- Dependencies: 212
-- Name: weather_data_id_seq; Type: SEQUENCE OWNED BY; Schema: public; Owner: postgres
--

ALTER SEQUENCE weather_data_id_seq OWNED BY weather_data.id;


--
-- TOC entry 3339 (class 2604 OID 27273)
-- Name: id; Type: DEFAULT; Schema: public; Owner: postgres
--

ALTER TABLE ONLY cell ALTER COLUMN id SET DEFAULT nextval('cell_id_seq'::regclass);


--
-- TOC entry 3341 (class 2604 OID 27275)
-- Name: id; Type: DEFAULT; Schema: public; Owner: postgres
--

ALTER TABLE ONLY cell_height_water ALTER COLUMN id SET DEFAULT nextval('cell_height_water_id_seq'::regclass);


--
-- TOC entry 3340 (class 2604 OID 27276)
-- Name: id; Type: DEFAULT; Schema: public; Owner: postgres
--

ALTER TABLE ONLY cell_state ALTER COLUMN id SET DEFAULT nextval('cell_state_id_seq'::regclass);


--
-- TOC entry 3338 (class 2604 OID 27277)
-- Name: id; Type: DEFAULT; Schema: public; Owner: postgres
--

ALTER TABLE ONLY district ALTER COLUMN id SET DEFAULT nextval('district_id_seq'::regclass);


--
-- TOC entry 3344 (class 2604 OID 38791)
-- Name: id; Type: DEFAULT; Schema: public; Owner: postgres
--

ALTER TABLE ONLY project ALTER COLUMN id SET DEFAULT nextval('project_id_seq'::regclass);


--
-- TOC entry 3342 (class 2604 OID 27204)
-- Name: id; Type: DEFAULT; Schema: public; Owner: postgres
--

ALTER TABLE ONLY state ALTER COLUMN id SET DEFAULT nextval('state_id_seq'::regclass);


--
-- TOC entry 3343 (class 2604 OID 38155)
-- Name: id; Type: DEFAULT; Schema: public; Owner: postgres
--

ALTER TABLE ONLY variable ALTER COLUMN id SET DEFAULT nextval('variable_id_seq'::regclass);


--
-- TOC entry 3345 (class 2604 OID 38847)
-- Name: id; Type: DEFAULT; Schema: public; Owner: postgres
--

ALTER TABLE ONLY weather_data ALTER COLUMN id SET DEFAULT nextval('weather_data_id_seq'::regclass);


SET search_path = postgis, pg_catalog;

--
-- TOC entry 3337 (class 0 OID 37065)
-- Dependencies: 194
-- Data for Name: spatial_ref_sys; Type: TABLE DATA; Schema: postgis; Owner: postgres
--

COPY spatial_ref_sys  FROM stdin;
\.


SET search_path = public, pg_catalog;

--
-- TOC entry 3496 (class 0 OID 26916)
-- Dependencies: 184
-- Data for Name: cell; Type: TABLE DATA; Schema: public; Owner: postgres
--

COPY cell (id, x_array, y_array, project_id, height, area, district_id, constant_infiltration_capacity, initial_infiltration_capacity, k_value, water_proof_percentage, psi_or_bi) FROM stdin;
6689	7	2	5	0	0103000020E61000000100000005000000C7E7F323ABB65A4062EDF687268318C0C7E7F323ABB65A4082DC9A74398218C054F03C7192B65A4082DC9A74398218C054F03C7192B65A4062EDF687268318C0C7E7F323ABB65A4062EDF687268318C0	3	0.029999999999999999	4.0599999999999996	0.45000000000000001	0.029999999999999999	0.10000000000000001
6697	7	3	5	0	0103000020E61000000100000005000000C7E7F323ABB65A4082DC9A74398218C0C7E7F323ABB65A40A3CB3E614C8118C054F03C7192B65A40A3CB3E614C8118C054F03C7192B65A4082DC9A74398218C0C7E7F323ABB65A4082DC9A74398218C0	3	0.029999999999999999	4.0599999999999996	0.45000000000000001	0.029999999999999999	0.10000000000000001
6757	3	11	5	0	0103000020E61000000100000005000000FC09185948B65A408655BAD9D07A18C0FC09185948B65A40A7445EC6E37918C0891261A62FB65A40A7445EC6E37918C0891261A62FB65A408655BAD9D07A18C0FC09185948B65A408655BAD9D07A18C0	\N	0.029999999999999999	4.0599999999999996	0.45000000000000001	0.029999999999999999	0.10000000000000001
6758	4	11	5	0	0103000020E610000001000000050000006F01CF0B61B65A408655BAD9D07A18C06F01CF0B61B65A40A7445EC6E37918C0FC09185948B65A40A7445EC6E37918C0FC09185948B65A408655BAD9D07A18C06F01CF0B61B65A408655BAD9D07A18C0	3	0.029999999999999999	4.0599999999999996	0.45000000000000001	0.029999999999999999	0.10000000000000001
6762	0	12	5	0	0103000020E61000000100000005000000A323F340FEB55A40A7445EC6E37918C0A323F340FEB55A40C73302B3F67818C0302C3C8EE5B55A40C73302B3F67818C0302C3C8EE5B55A40A7445EC6E37918C0A323F340FEB55A40A7445EC6E37918C0	\N	0.029999999999999999	4.0599999999999996	0.45000000000000001	0.029999999999999999	0.10000000000000001
6763	1	12	5	0	0103000020E61000000100000005000000161BAAF316B65A40A7445EC6E37918C0161BAAF316B65A40C73302B3F67818C0A323F340FEB55A40C73302B3F67818C0A323F340FEB55A40A7445EC6E37918C0161BAAF316B65A40A7445EC6E37918C0	\N	0.029999999999999999	4.0599999999999996	0.45000000000000001	0.029999999999999999	0.10000000000000001
6764	2	12	5	0	0103000020E61000000100000005000000891261A62FB65A40A7445EC6E37918C0891261A62FB65A40C73302B3F67818C0161BAAF316B65A40C73302B3F67818C0161BAAF316B65A40A7445EC6E37918C0891261A62FB65A40A7445EC6E37918C0	\N	0.029999999999999999	4.0599999999999996	0.45000000000000001	0.029999999999999999	0.10000000000000001
6765	3	12	5	0	0103000020E61000000100000005000000FC09185948B65A40A7445EC6E37918C0FC09185948B65A40C73302B3F67818C0891261A62FB65A40C73302B3F67818C0891261A62FB65A40A7445EC6E37918C0FC09185948B65A40A7445EC6E37918C0	\N	0.029999999999999999	4.0599999999999996	0.45000000000000001	0.029999999999999999	0.10000000000000001
6766	4	12	5	0	0103000020E610000001000000050000006F01CF0B61B65A40A7445EC6E37918C06F01CF0B61B65A40C73302B3F67818C0FC09185948B65A40C73302B3F67818C0FC09185948B65A40A7445EC6E37918C06F01CF0B61B65A40A7445EC6E37918C0	\N	0.029999999999999999	4.0599999999999996	0.45000000000000001	0.029999999999999999	0.10000000000000001
6767	5	12	5	0	0103000020E61000000100000005000000E2F885BE79B65A40A7445EC6E37918C0E2F885BE79B65A40C73302B3F67818C06F01CF0B61B65A40C73302B3F67818C06F01CF0B61B65A40A7445EC6E37918C0E2F885BE79B65A40A7445EC6E37918C0	\N	0.029999999999999999	4.0599999999999996	0.45000000000000001	0.029999999999999999	0.10000000000000001
6769	7	12	5	0	0103000020E61000000100000005000000C7E7F323ABB65A40A7445EC6E37918C0C7E7F323ABB65A40C73302B3F67818C054F03C7192B65A40C73302B3F67818C054F03C7192B65A40A7445EC6E37918C0C7E7F323ABB65A40A7445EC6E37918C0	3	0.029999999999999999	4.0599999999999996	0.45000000000000001	0.029999999999999999	0.10000000000000001
6770	0	13	5	0	0103000020E61000000100000005000000A323F340FEB55A40C73302B3F67818C0A323F340FEB55A40E822A69F097818C0302C3C8EE5B55A40E822A69F097818C0302C3C8EE5B55A40C73302B3F67818C0A323F340FEB55A40C73302B3F67818C0	\N	0.029999999999999999	4.0599999999999996	0.45000000000000001	0.029999999999999999	0.10000000000000001
6771	1	13	5	0	0103000020E61000000100000005000000161BAAF316B65A40C73302B3F67818C0161BAAF316B65A40E822A69F097818C0A323F340FEB55A40E822A69F097818C0A323F340FEB55A40C73302B3F67818C0161BAAF316B65A40C73302B3F67818C0	\N	0.029999999999999999	4.0599999999999996	0.45000000000000001	0.029999999999999999	0.10000000000000001
6772	2	13	5	0	0103000020E61000000100000005000000891261A62FB65A40C73302B3F67818C0891261A62FB65A40E822A69F097818C0161BAAF316B65A40E822A69F097818C0161BAAF316B65A40C73302B3F67818C0891261A62FB65A40C73302B3F67818C0	\N	0.029999999999999999	4.0599999999999996	0.45000000000000001	0.029999999999999999	0.10000000000000001
6773	3	13	5	0	0103000020E61000000100000005000000FC09185948B65A40C73302B3F67818C0FC09185948B65A40E822A69F097818C0891261A62FB65A40E822A69F097818C0891261A62FB65A40C73302B3F67818C0FC09185948B65A40C73302B3F67818C0	\N	0.029999999999999999	4.0599999999999996	0.45000000000000001	0.029999999999999999	0.10000000000000001
6774	4	13	5	0	0103000020E610000001000000050000006F01CF0B61B65A40C73302B3F67818C06F01CF0B61B65A40E822A69F097818C0FC09185948B65A40E822A69F097818C0FC09185948B65A40C73302B3F67818C06F01CF0B61B65A40C73302B3F67818C0	\N	0.029999999999999999	4.0599999999999996	0.45000000000000001	0.029999999999999999	0.10000000000000001
6775	5	13	5	0	0103000020E61000000100000005000000E2F885BE79B65A40C73302B3F67818C0E2F885BE79B65A40E822A69F097818C06F01CF0B61B65A40E822A69F097818C06F01CF0B61B65A40C73302B3F67818C0E2F885BE79B65A40C73302B3F67818C0	\N	0.029999999999999999	4.0599999999999996	0.45000000000000001	0.029999999999999999	0.10000000000000001
6776	6	13	5	0	0103000020E6100000010000000500000054F03C7192B65A40C73302B3F67818C054F03C7192B65A40E822A69F097818C0E2F885BE79B65A40E822A69F097818C0E2F885BE79B65A40C73302B3F67818C054F03C7192B65A40C73302B3F67818C0	\N	0.029999999999999999	4.0599999999999996	0.45000000000000001	0.029999999999999999	0.10000000000000001
6777	7	13	5	0	0103000020E61000000100000005000000C7E7F323ABB65A40C73302B3F67818C0C7E7F323ABB65A40E822A69F097818C054F03C7192B65A40E822A69F097818C054F03C7192B65A40C73302B3F67818C0C7E7F323ABB65A40C73302B3F67818C0	\N	0.029999999999999999	4.0599999999999996	0.45000000000000001	0.029999999999999999	0.10000000000000001
6668	2	0	5	3.9758152961730961	0103000020E61000000100000005000000891261A62FB65A40210FAFAE008518C0891261A62FB65A4041FE529B138418C0161BAAF316B65A4041FE529B138418C0161BAAF316B65A40210FAFAE008518C0891261A62FB65A40210FAFAE008518C0	3	0.029999999999999999	4.0599999999999996	0.45000000000000001	0.029999999999999999	0.10000000000000001
6669	3	0	5	1.634136319160461	0103000020E61000000100000005000000FC09185948B65A40210FAFAE008518C0FC09185948B65A4041FE529B138418C0891261A62FB65A4041FE529B138418C0891261A62FB65A40210FAFAE008518C0FC09185948B65A40210FAFAE008518C0	3	0.029999999999999999	4.0599999999999996	0.45000000000000001	0.029999999999999999	0.10000000000000001
6670	4	0	5	2.3594543933868408	0103000020E610000001000000050000006F01CF0B61B65A40210FAFAE008518C06F01CF0B61B65A4041FE529B138418C0FC09185948B65A4041FE529B138418C0FC09185948B65A40210FAFAE008518C06F01CF0B61B65A40210FAFAE008518C0	3	0.029999999999999999	4.0599999999999996	0.45000000000000001	0.029999999999999999	0.10000000000000001
6671	5	0	5	1.787095189094543	0103000020E61000000100000005000000E2F885BE79B65A40210FAFAE008518C0E2F885BE79B65A4041FE529B138418C06F01CF0B61B65A4041FE529B138418C06F01CF0B61B65A40210FAFAE008518C0E2F885BE79B65A40210FAFAE008518C0	3	0.029999999999999999	4.0599999999999996	0.45000000000000001	0.029999999999999999	0.10000000000000001
6672	6	0	5	1.582348108291626	0103000020E6100000010000000500000054F03C7192B65A40210FAFAE008518C054F03C7192B65A4041FE529B138418C0E2F885BE79B65A4041FE529B138418C0E2F885BE79B65A40210FAFAE008518C054F03C7192B65A40210FAFAE008518C0	3	0.029999999999999999	4.0599999999999996	0.45000000000000001	0.029999999999999999	0.10000000000000001
6673	7	0	5	1.634136319160461	0103000020E61000000100000005000000C7E7F323ABB65A40210FAFAE008518C0C7E7F323ABB65A4041FE529B138418C054F03C7192B65A4041FE529B138418C054F03C7192B65A40210FAFAE008518C0C7E7F323ABB65A40210FAFAE008518C0	3	0.029999999999999999	4.0599999999999996	0.45000000000000001	0.029999999999999999	0.10000000000000001
6674	0	1	5	0.31704956293106079	0103000020E61000000100000005000000A323F340FEB55A4041FE529B138418C0A323F340FEB55A4062EDF687268318C0302C3C8EE5B55A4062EDF687268318C0302C3C8EE5B55A4041FE529B138418C0A323F340FEB55A4041FE529B138418C0	3	0.029999999999999999	4.0599999999999996	0.45000000000000001	0.029999999999999999	0.10000000000000001
6675	1	1	5	3.5251166820526119	0103000020E61000000100000005000000161BAAF316B65A4041FE529B138418C0161BAAF316B65A4062EDF687268318C0A323F340FEB55A4062EDF687268318C0A323F340FEB55A4041FE529B138418C0161BAAF316B65A4041FE529B138418C0	3	0.029999999999999999	4.0599999999999996	0.45000000000000001	0.029999999999999999	0.10000000000000001
6676	2	1	5	4.8012909889221191	0103000020E61000000100000005000000891261A62FB65A4041FE529B138418C0891261A62FB65A4062EDF687268318C0161BAAF316B65A4062EDF687268318C0161BAAF316B65A4041FE529B138418C0891261A62FB65A4041FE529B138418C0	3	0.029999999999999999	4.0599999999999996	0.45000000000000001	0.029999999999999999	0.10000000000000001
6677	3	1	5	1.804426312446594	0103000020E61000000100000005000000FC09185948B65A4041FE529B138418C0FC09185948B65A4062EDF687268318C0891261A62FB65A4062EDF687268318C0891261A62FB65A4041FE529B138418C0FC09185948B65A4041FE529B138418C0	3	0.029999999999999999	4.0599999999999996	0.45000000000000001	0.029999999999999999	0.10000000000000001
6678	4	1	5	1.6165813207626341	0103000020E610000001000000050000006F01CF0B61B65A4041FE529B138418C06F01CF0B61B65A4062EDF687268318C0FC09185948B65A4062EDF687268318C0FC09185948B65A4041FE529B138418C06F01CF0B61B65A4041FE529B138418C0	3	0.029999999999999999	4.0599999999999996	0.45000000000000001	0.029999999999999999	0.10000000000000001
6679	5	1	5	0.85740464925765991	0103000020E61000000100000005000000E2F885BE79B65A4041FE529B138418C0E2F885BE79B65A4062EDF687268318C06F01CF0B61B65A4062EDF687268318C06F01CF0B61B65A4041FE529B138418C0E2F885BE79B65A4041FE529B138418C0	3	0.029999999999999999	4.0599999999999996	0.45000000000000001	0.029999999999999999	0.10000000000000001
6680	6	1	5	3.3999226093292241	0103000020E6100000010000000500000054F03C7192B65A4041FE529B138418C054F03C7192B65A4062EDF687268318C0E2F885BE79B65A4062EDF687268318C0E2F885BE79B65A4041FE529B138418C054F03C7192B65A4041FE529B138418C0	3	0.029999999999999999	4.0599999999999996	0.45000000000000001	0.029999999999999999	0.10000000000000001
6681	7	1	5	0.72933238744735718	0103000020E61000000100000005000000C7E7F323ABB65A4041FE529B138418C0C7E7F323ABB65A4062EDF687268318C054F03C7192B65A4062EDF687268318C054F03C7192B65A4041FE529B138418C0C7E7F323ABB65A4041FE529B138418C0	3	0.029999999999999999	4.0599999999999996	0.45000000000000001	0.029999999999999999	0.10000000000000001
6746	0	10	5	0	0103000020E61000000100000005000000A323F340FEB55A40666616EDBD7B18C0A323F340FEB55A408655BAD9D07A18C0302C3C8EE5B55A408655BAD9D07A18C0302C3C8EE5B55A40666616EDBD7B18C0A323F340FEB55A40666616EDBD7B18C0	\N	0.029999999999999999	4.0599999999999996	0.45000000000000001	0.029999999999999999	0.10000000000000001
6682	0	2	5	1.5280499458312991	0103000020E61000000100000005000000A323F340FEB55A4062EDF687268318C0A323F340FEB55A4082DC9A74398218C0302C3C8EE5B55A4082DC9A74398218C0302C3C8EE5B55A4062EDF687268318C0A323F340FEB55A4062EDF687268318C0	3	0.029999999999999999	4.0599999999999996	0.45000000000000001	0.029999999999999999	0.10000000000000001
6683	1	2	5	3.1373238563537602	0103000020E61000000100000005000000161BAAF316B65A4062EDF687268318C0161BAAF316B65A4082DC9A74398218C0A323F340FEB55A4082DC9A74398218C0A323F340FEB55A4062EDF687268318C0161BAAF316B65A4062EDF687268318C0	3	0.029999999999999999	4.0599999999999996	0.45000000000000001	0.029999999999999999	0.10000000000000001
6684	2	2	5	1.000074505805969	0103000020E61000000100000005000000891261A62FB65A4062EDF687268318C0891261A62FB65A4082DC9A74398218C0161BAAF316B65A4082DC9A74398218C0161BAAF316B65A4062EDF687268318C0891261A62FB65A4062EDF687268318C0	3	0.029999999999999999	4.0599999999999996	0.45000000000000001	0.029999999999999999	0.10000000000000001
6685	3	2	5	2.8222053050994869	0103000020E61000000100000005000000FC09185948B65A4062EDF687268318C0FC09185948B65A4082DC9A74398218C0891261A62FB65A4082DC9A74398218C0891261A62FB65A4062EDF687268318C0FC09185948B65A4062EDF687268318C0	3	0.029999999999999999	4.0599999999999996	0.45000000000000001	0.029999999999999999	0.10000000000000001
6686	4	2	5	2.000036478042603	0103000020E610000001000000050000006F01CF0B61B65A4062EDF687268318C06F01CF0B61B65A4082DC9A74398218C0FC09185948B65A4082DC9A74398218C0FC09185948B65A4062EDF687268318C06F01CF0B61B65A4062EDF687268318C0	3	0.029999999999999999	4.0599999999999996	0.45000000000000001	0.029999999999999999	0.10000000000000001
6687	5	2	5	1.9999628067016599	0103000020E61000000100000005000000E2F885BE79B65A4062EDF687268318C0E2F885BE79B65A4082DC9A74398218C06F01CF0B61B65A4082DC9A74398218C06F01CF0B61B65A4062EDF687268318C0E2F885BE79B65A4062EDF687268318C0	3	0.029999999999999999	4.0599999999999996	0.45000000000000001	0.029999999999999999	0.10000000000000001
6688	6	2	5	2.183378934860229	0103000020E6100000010000000500000054F03C7192B65A4062EDF687268318C054F03C7192B65A4082DC9A74398218C0E2F885BE79B65A4082DC9A74398218C0E2F885BE79B65A4062EDF687268318C054F03C7192B65A4062EDF687268318C0	3	0.029999999999999999	4.0599999999999996	0.45000000000000001	0.029999999999999999	0.10000000000000001
6690	0	3	5	1.8702176809310911	0103000020E61000000100000005000000A323F340FEB55A4082DC9A74398218C0A323F340FEB55A40A3CB3E614C8118C0302C3C8EE5B55A40A3CB3E614C8118C0302C3C8EE5B55A4082DC9A74398218C0A323F340FEB55A4082DC9A74398218C0	3	0.029999999999999999	4.0599999999999996	0.45000000000000001	0.029999999999999999	0.10000000000000001
6691	1	3	5	3.956956148147583	0103000020E61000000100000005000000161BAAF316B65A4082DC9A74398218C0161BAAF316B65A40A3CB3E614C8118C0A323F340FEB55A40A3CB3E614C8118C0A323F340FEB55A4082DC9A74398218C0161BAAF316B65A4082DC9A74398218C0	3	0.029999999999999999	4.0599999999999996	0.45000000000000001	0.029999999999999999	0.10000000000000001
6692	2	3	5	3.3171241283416748	0103000020E61000000100000005000000891261A62FB65A4082DC9A74398218C0891261A62FB65A40A3CB3E614C8118C0161BAAF316B65A40A3CB3E614C8118C0161BAAF316B65A4082DC9A74398218C0891261A62FB65A4082DC9A74398218C0	3	0.029999999999999999	4.0599999999999996	0.45000000000000001	0.029999999999999999	0.10000000000000001
6693	3	3	5	4.6178197860717773	0103000020E61000000100000005000000FC09185948B65A4082DC9A74398218C0FC09185948B65A40A3CB3E614C8118C0891261A62FB65A40A3CB3E614C8118C0891261A62FB65A4082DC9A74398218C0FC09185948B65A4082DC9A74398218C0	3	0.029999999999999999	4.0599999999999996	0.45000000000000001	0.029999999999999999	0.10000000000000001
6694	4	3	5	2.6653580665588379	0103000020E610000001000000050000006F01CF0B61B65A4082DC9A74398218C06F01CF0B61B65A40A3CB3E614C8118C0FC09185948B65A40A3CB3E614C8118C0FC09185948B65A4082DC9A74398218C06F01CF0B61B65A4082DC9A74398218C0	3	0.029999999999999999	4.0599999999999996	0.45000000000000001	0.029999999999999999	0.10000000000000001
6695	5	3	5	0.75039321184158325	0103000020E61000000100000005000000E2F885BE79B65A4082DC9A74398218C0E2F885BE79B65A40A3CB3E614C8118C06F01CF0B61B65A40A3CB3E614C8118C06F01CF0B61B65A4082DC9A74398218C0E2F885BE79B65A4082DC9A74398218C0	3	0.029999999999999999	4.0599999999999996	0.45000000000000001	0.029999999999999999	0.10000000000000001
6696	6	3	5	0.99577134847640991	0103000020E6100000010000000500000054F03C7192B65A4082DC9A74398218C054F03C7192B65A40A3CB3E614C8118C0E2F885BE79B65A40A3CB3E614C8118C0E2F885BE79B65A4082DC9A74398218C054F03C7192B65A4082DC9A74398218C0	3	0.029999999999999999	4.0599999999999996	0.45000000000000001	0.029999999999999999	0.10000000000000001
6698	0	4	5	4.3547368049621582	0103000020E61000000100000005000000A323F340FEB55A40A3CB3E614C8118C0A323F340FEB55A40C3BAE24D5F8018C0302C3C8EE5B55A40C3BAE24D5F8018C0302C3C8EE5B55A40A3CB3E614C8118C0A323F340FEB55A40A3CB3E614C8118C0	3	0.029999999999999999	4.0599999999999996	0.45000000000000001	0.029999999999999999	0.10000000000000001
6699	1	4	5	3.56864333152771	0103000020E61000000100000005000000161BAAF316B65A40A3CB3E614C8118C0161BAAF316B65A40C3BAE24D5F8018C0A323F340FEB55A40C3BAE24D5F8018C0A323F340FEB55A40A3CB3E614C8118C0161BAAF316B65A40A3CB3E614C8118C0	3	0.029999999999999999	4.0599999999999996	0.45000000000000001	0.029999999999999999	0.10000000000000001
6700	2	4	5	4.3974876403808594	0103000020E61000000100000005000000891261A62FB65A40A3CB3E614C8118C0891261A62FB65A40C3BAE24D5F8018C0161BAAF316B65A40C3BAE24D5F8018C0161BAAF316B65A40A3CB3E614C8118C0891261A62FB65A40A3CB3E614C8118C0	3	0.029999999999999999	4.0599999999999996	0.45000000000000001	0.029999999999999999	0.10000000000000001
6701	3	4	5	3.5436584949493408	0103000020E61000000100000005000000FC09185948B65A40A3CB3E614C8118C0FC09185948B65A40C3BAE24D5F8018C0891261A62FB65A40C3BAE24D5F8018C0891261A62FB65A40A3CB3E614C8118C0FC09185948B65A40A3CB3E614C8118C0	3	0.029999999999999999	4.0599999999999996	0.45000000000000001	0.029999999999999999	0.10000000000000001
6702	4	4	5	0.7251705527305603	0103000020E610000001000000050000006F01CF0B61B65A40A3CB3E614C8118C06F01CF0B61B65A40C3BAE24D5F8018C0FC09185948B65A40C3BAE24D5F8018C0FC09185948B65A40A3CB3E614C8118C06F01CF0B61B65A40A3CB3E614C8118C0	3	0.029999999999999999	4.0599999999999996	0.45000000000000001	0.029999999999999999	0.10000000000000001
6703	5	4	5	0.2129048556089401	0103000020E61000000100000005000000E2F885BE79B65A40A3CB3E614C8118C0E2F885BE79B65A40C3BAE24D5F8018C06F01CF0B61B65A40C3BAE24D5F8018C06F01CF0B61B65A40A3CB3E614C8118C0E2F885BE79B65A40A3CB3E614C8118C0	3	0.029999999999999999	4.0599999999999996	0.45000000000000001	0.029999999999999999	0.10000000000000001
6704	6	4	5	0.216440424323082	0103000020E6100000010000000500000054F03C7192B65A40A3CB3E614C8118C054F03C7192B65A40C3BAE24D5F8018C0E2F885BE79B65A40C3BAE24D5F8018C0E2F885BE79B65A40A3CB3E614C8118C054F03C7192B65A40A3CB3E614C8118C0	3	0.029999999999999999	4.0599999999999996	0.45000000000000001	0.029999999999999999	0.10000000000000001
6705	7	4	5	0.63421082496643066	0103000020E61000000100000005000000C7E7F323ABB65A40A3CB3E614C8118C0C7E7F323ABB65A40C3BAE24D5F8018C054F03C7192B65A40C3BAE24D5F8018C054F03C7192B65A40A3CB3E614C8118C0C7E7F323ABB65A40A3CB3E614C8118C0	3	0.029999999999999999	4.0599999999999996	0.45000000000000001	0.029999999999999999	0.10000000000000001
6706	0	5	5	5.4489545822143546	0103000020E61000000100000005000000A323F340FEB55A40C3BAE24D5F8018C0A323F340FEB55A40E4A9863A727F18C0302C3C8EE5B55A40E4A9863A727F18C0302C3C8EE5B55A40C3BAE24D5F8018C0A323F340FEB55A40C3BAE24D5F8018C0	3	0.029999999999999999	4.0599999999999996	0.45000000000000001	0.029999999999999999	0.10000000000000001
6707	1	5	5	4.3893404006958008	0103000020E61000000100000005000000161BAAF316B65A40C3BAE24D5F8018C0161BAAF316B65A40E4A9863A727F18C0A323F340FEB55A40E4A9863A727F18C0A323F340FEB55A40C3BAE24D5F8018C0161BAAF316B65A40C3BAE24D5F8018C0	3	0.029999999999999999	4.0599999999999996	0.45000000000000001	0.029999999999999999	0.10000000000000001
6708	2	5	5	5.9331192970275879	0103000020E61000000100000005000000891261A62FB65A40C3BAE24D5F8018C0891261A62FB65A40E4A9863A727F18C0161BAAF316B65A40E4A9863A727F18C0161BAAF316B65A40C3BAE24D5F8018C0891261A62FB65A40C3BAE24D5F8018C0	3	0.029999999999999999	4.0599999999999996	0.45000000000000001	0.029999999999999999	0.10000000000000001
6709	3	5	5	3.3470759391784668	0103000020E61000000100000005000000FC09185948B65A40C3BAE24D5F8018C0FC09185948B65A40E4A9863A727F18C0891261A62FB65A40E4A9863A727F18C0891261A62FB65A40C3BAE24D5F8018C0FC09185948B65A40C3BAE24D5F8018C0	3	0.029999999999999999	4.0599999999999996	0.45000000000000001	0.029999999999999999	0.10000000000000001
6710	4	5	5	0.93463295698165894	0103000020E610000001000000050000006F01CF0B61B65A40C3BAE24D5F8018C06F01CF0B61B65A40E4A9863A727F18C0FC09185948B65A40E4A9863A727F18C0FC09185948B65A40C3BAE24D5F8018C06F01CF0B61B65A40C3BAE24D5F8018C0	3	0.029999999999999999	4.0599999999999996	0.45000000000000001	0.029999999999999999	0.10000000000000001
6711	5	5	5	0.01036897394806147	0103000020E61000000100000005000000E2F885BE79B65A40C3BAE24D5F8018C0E2F885BE79B65A40E4A9863A727F18C06F01CF0B61B65A40E4A9863A727F18C06F01CF0B61B65A40C3BAE24D5F8018C0E2F885BE79B65A40C3BAE24D5F8018C0	3	0.029999999999999999	4.0599999999999996	0.45000000000000001	0.029999999999999999	0.10000000000000001
6712	6	5	5	0.38840711116790771	0103000020E6100000010000000500000054F03C7192B65A40C3BAE24D5F8018C054F03C7192B65A40E4A9863A727F18C0E2F885BE79B65A40E4A9863A727F18C0E2F885BE79B65A40C3BAE24D5F8018C054F03C7192B65A40C3BAE24D5F8018C0	3	0.029999999999999999	4.0599999999999996	0.45000000000000001	0.029999999999999999	0.10000000000000001
6713	7	5	5	1.3770192861557009	0103000020E61000000100000005000000C7E7F323ABB65A40C3BAE24D5F8018C0C7E7F323ABB65A40E4A9863A727F18C054F03C7192B65A40E4A9863A727F18C054F03C7192B65A40C3BAE24D5F8018C0C7E7F323ABB65A40C3BAE24D5F8018C0	3	0.029999999999999999	4.0599999999999996	0.45000000000000001	0.029999999999999999	0.10000000000000001
6714	0	6	5	4.6358699798583984	0103000020E61000000100000005000000A323F340FEB55A40E4A9863A727F18C0A323F340FEB55A4004992A27857E18C0302C3C8EE5B55A4004992A27857E18C0302C3C8EE5B55A40E4A9863A727F18C0A323F340FEB55A40E4A9863A727F18C0	3	0.029999999999999999	4.0599999999999996	0.45000000000000001	0.029999999999999999	0.10000000000000001
6715	1	6	5	4.4313564300537109	0103000020E61000000100000005000000161BAAF316B65A40E4A9863A727F18C0161BAAF316B65A4004992A27857E18C0A323F340FEB55A4004992A27857E18C0A323F340FEB55A40E4A9863A727F18C0161BAAF316B65A40E4A9863A727F18C0	3	0.029999999999999999	4.0599999999999996	0.45000000000000001	0.029999999999999999	0.10000000000000001
6666	0	0	5	1	0103000020E61000000100000005000000A323F340FEB55A40210FAFAE008518C0A323F340FEB55A4041FE529B138418C0302C3C8EE5B55A4041FE529B138418C0302C3C8EE5B55A40210FAFAE008518C0A323F340FEB55A40210FAFAE008518C0	3	0.029999999999999999	4.0599999999999996	0.45000000000000001	0.029999999999999999	0.10000000000000001
6667	1	0	5	3.0707592964172359	0103000020E61000000100000005000000161BAAF316B65A40210FAFAE008518C0161BAAF316B65A4041FE529B138418C0A323F340FEB55A4041FE529B138418C0A323F340FEB55A40210FAFAE008518C0161BAAF316B65A40210FAFAE008518C0	3	0.029999999999999999	4.0599999999999996	0.45000000000000001	0.029999999999999999	0.10000000000000001
6754	0	11	5	0	0103000020E61000000100000005000000A323F340FEB55A408655BAD9D07A18C0A323F340FEB55A40A7445EC6E37918C0302C3C8EE5B55A40A7445EC6E37918C0302C3C8EE5B55A408655BAD9D07A18C0A323F340FEB55A408655BAD9D07A18C0	\N	0.029999999999999999	4.0599999999999996	0.45000000000000001	0.029999999999999999	0.10000000000000001
6755	1	11	5	0	0103000020E61000000100000005000000161BAAF316B65A408655BAD9D07A18C0161BAAF316B65A40A7445EC6E37918C0A323F340FEB55A40A7445EC6E37918C0A323F340FEB55A408655BAD9D07A18C0161BAAF316B65A408655BAD9D07A18C0	\N	0.029999999999999999	4.0599999999999996	0.45000000000000001	0.029999999999999999	0.10000000000000001
6756	2	11	5	0	0103000020E61000000100000005000000891261A62FB65A408655BAD9D07A18C0891261A62FB65A40A7445EC6E37918C0161BAAF316B65A40A7445EC6E37918C0161BAAF316B65A408655BAD9D07A18C0891261A62FB65A408655BAD9D07A18C0	\N	0.029999999999999999	4.0599999999999996	0.45000000000000001	0.029999999999999999	0.10000000000000001
6716	2	6	5	5.3732562065124512	0103000020E61000000100000005000000891261A62FB65A40E4A9863A727F18C0891261A62FB65A4004992A27857E18C0161BAAF316B65A4004992A27857E18C0161BAAF316B65A40E4A9863A727F18C0891261A62FB65A40E4A9863A727F18C0	3	0.029999999999999999	4.0599999999999996	0.45000000000000001	0.029999999999999999	0.10000000000000001
6717	3	6	5	4.3808364868164062	0103000020E61000000100000005000000FC09185948B65A40E4A9863A727F18C0FC09185948B65A4004992A27857E18C0891261A62FB65A4004992A27857E18C0891261A62FB65A40E4A9863A727F18C0FC09185948B65A40E4A9863A727F18C0	3	0.029999999999999999	4.0599999999999996	0.45000000000000001	0.029999999999999999	0.10000000000000001
6718	4	6	5	2.2730858325958252	0103000020E610000001000000050000006F01CF0B61B65A40E4A9863A727F18C06F01CF0B61B65A4004992A27857E18C0FC09185948B65A4004992A27857E18C0FC09185948B65A40E4A9863A727F18C06F01CF0B61B65A40E4A9863A727F18C0	3	0.029999999999999999	4.0599999999999996	0.45000000000000001	0.029999999999999999	0.10000000000000001
6719	5	6	5	1.2095832824707029	0103000020E61000000100000005000000E2F885BE79B65A40E4A9863A727F18C0E2F885BE79B65A4004992A27857E18C06F01CF0B61B65A4004992A27857E18C06F01CF0B61B65A40E4A9863A727F18C0E2F885BE79B65A40E4A9863A727F18C0	3	0.029999999999999999	4.0599999999999996	0.45000000000000001	0.029999999999999999	0.10000000000000001
6720	6	6	5	0.53676885366439819	0103000020E6100000010000000500000054F03C7192B65A40E4A9863A727F18C054F03C7192B65A4004992A27857E18C0E2F885BE79B65A4004992A27857E18C0E2F885BE79B65A40E4A9863A727F18C054F03C7192B65A40E4A9863A727F18C0	3	0.029999999999999999	4.0599999999999996	0.45000000000000001	0.029999999999999999	0.10000000000000001
6721	7	6	5	0.1063663884997368	0103000020E61000000100000005000000C7E7F323ABB65A40E4A9863A727F18C0C7E7F323ABB65A4004992A27857E18C054F03C7192B65A4004992A27857E18C054F03C7192B65A40E4A9863A727F18C0C7E7F323ABB65A40E4A9863A727F18C0	3	0.029999999999999999	4.0599999999999996	0.45000000000000001	0.029999999999999999	0.10000000000000001
6722	0	7	5	3.7564821243286128	0103000020E61000000100000005000000A323F340FEB55A4004992A27857E18C0A323F340FEB55A402588CE13987D18C0302C3C8EE5B55A402588CE13987D18C0302C3C8EE5B55A4004992A27857E18C0A323F340FEB55A4004992A27857E18C0	\N	0.029999999999999999	4.0599999999999996	0.45000000000000001	0.029999999999999999	0.10000000000000001
6723	1	7	5	3.8458855152130131	0103000020E61000000100000005000000161BAAF316B65A4004992A27857E18C0161BAAF316B65A402588CE13987D18C0A323F340FEB55A402588CE13987D18C0A323F340FEB55A4004992A27857E18C0161BAAF316B65A4004992A27857E18C0	3	0.029999999999999999	4.0599999999999996	0.45000000000000001	0.029999999999999999	0.10000000000000001
6724	2	7	5	4.3507232666015616	0103000020E61000000100000005000000891261A62FB65A4004992A27857E18C0891261A62FB65A402588CE13987D18C0161BAAF316B65A402588CE13987D18C0161BAAF316B65A4004992A27857E18C0891261A62FB65A4004992A27857E18C0	3	0.029999999999999999	4.0599999999999996	0.45000000000000001	0.029999999999999999	0.10000000000000001
6725	3	7	5	3.2820065021514888	0103000020E61000000100000005000000FC09185948B65A4004992A27857E18C0FC09185948B65A402588CE13987D18C0891261A62FB65A402588CE13987D18C0891261A62FB65A4004992A27857E18C0FC09185948B65A4004992A27857E18C0	3	0.029999999999999999	4.0599999999999996	0.45000000000000001	0.029999999999999999	0.10000000000000001
6726	4	7	5	3.6029889583587651	0103000020E610000001000000050000006F01CF0B61B65A4004992A27857E18C06F01CF0B61B65A402588CE13987D18C0FC09185948B65A402588CE13987D18C0FC09185948B65A4004992A27857E18C06F01CF0B61B65A4004992A27857E18C0	3	0.029999999999999999	4.0599999999999996	0.45000000000000001	0.029999999999999999	0.10000000000000001
6727	5	7	5	3.071406364440918	0103000020E61000000100000005000000E2F885BE79B65A4004992A27857E18C0E2F885BE79B65A402588CE13987D18C06F01CF0B61B65A402588CE13987D18C06F01CF0B61B65A4004992A27857E18C0E2F885BE79B65A4004992A27857E18C0	3	0.029999999999999999	4.0599999999999996	0.45000000000000001	0.029999999999999999	0.10000000000000001
6728	6	7	5	2.692856073379517	0103000020E6100000010000000500000054F03C7192B65A4004992A27857E18C054F03C7192B65A402588CE13987D18C0E2F885BE79B65A402588CE13987D18C0E2F885BE79B65A4004992A27857E18C054F03C7192B65A4004992A27857E18C0	3	0.029999999999999999	4.0599999999999996	0.45000000000000001	0.029999999999999999	0.10000000000000001
6729	7	7	5	1.3352289199829099	0103000020E61000000100000005000000C7E7F323ABB65A4004992A27857E18C0C7E7F323ABB65A402588CE13987D18C054F03C7192B65A402588CE13987D18C054F03C7192B65A4004992A27857E18C0C7E7F323ABB65A4004992A27857E18C0	3	0.029999999999999999	4.0599999999999996	0.45000000000000001	0.029999999999999999	0.10000000000000001
6730	0	8	5	4.9816732406616211	0103000020E61000000100000005000000A323F340FEB55A402588CE13987D18C0A323F340FEB55A4045777200AB7C18C0302C3C8EE5B55A4045777200AB7C18C0302C3C8EE5B55A402588CE13987D18C0A323F340FEB55A402588CE13987D18C0	\N	0.029999999999999999	4.0599999999999996	0.45000000000000001	0.029999999999999999	0.10000000000000001
6731	1	8	5	2.9181230068206792	0103000020E61000000100000005000000161BAAF316B65A402588CE13987D18C0161BAAF316B65A4045777200AB7C18C0A323F340FEB55A4045777200AB7C18C0A323F340FEB55A402588CE13987D18C0161BAAF316B65A402588CE13987D18C0	3	0.029999999999999999	4.0599999999999996	0.45000000000000001	0.029999999999999999	0.10000000000000001
6732	2	8	5	2.724185705184937	0103000020E61000000100000005000000891261A62FB65A402588CE13987D18C0891261A62FB65A4045777200AB7C18C0161BAAF316B65A4045777200AB7C18C0161BAAF316B65A402588CE13987D18C0891261A62FB65A402588CE13987D18C0	3	0.029999999999999999	4.0599999999999996	0.45000000000000001	0.029999999999999999	0.10000000000000001
6733	3	8	5	5.0003170967102051	0103000020E61000000100000005000000FC09185948B65A402588CE13987D18C0FC09185948B65A4045777200AB7C18C0891261A62FB65A4045777200AB7C18C0891261A62FB65A402588CE13987D18C0FC09185948B65A402588CE13987D18C0	3	0.029999999999999999	4.0599999999999996	0.45000000000000001	0.029999999999999999	0.10000000000000001
6734	4	8	5	4.0017070770263672	0103000020E610000001000000050000006F01CF0B61B65A402588CE13987D18C06F01CF0B61B65A4045777200AB7C18C0FC09185948B65A4045777200AB7C18C0FC09185948B65A402588CE13987D18C06F01CF0B61B65A402588CE13987D18C0	3	0.029999999999999999	4.0599999999999996	0.45000000000000001	0.029999999999999999	0.10000000000000001
6735	5	8	5	3.9585082530975342	0103000020E61000000100000005000000E2F885BE79B65A402588CE13987D18C0E2F885BE79B65A4045777200AB7C18C06F01CF0B61B65A4045777200AB7C18C06F01CF0B61B65A402588CE13987D18C0E2F885BE79B65A402588CE13987D18C0	3	0.029999999999999999	4.0599999999999996	0.45000000000000001	0.029999999999999999	0.10000000000000001
6736	6	8	5	6.0566339492797852	0103000020E6100000010000000500000054F03C7192B65A402588CE13987D18C054F03C7192B65A4045777200AB7C18C0E2F885BE79B65A4045777200AB7C18C0E2F885BE79B65A402588CE13987D18C054F03C7192B65A402588CE13987D18C0	3	0.029999999999999999	4.0599999999999996	0.45000000000000001	0.029999999999999999	0.10000000000000001
6737	7	8	5	2.9025580883026119	0103000020E61000000100000005000000C7E7F323ABB65A402588CE13987D18C0C7E7F323ABB65A4045777200AB7C18C054F03C7192B65A4045777200AB7C18C054F03C7192B65A402588CE13987D18C0C7E7F323ABB65A402588CE13987D18C0	3	0.029999999999999999	4.0599999999999996	0.45000000000000001	0.029999999999999999	0.10000000000000001
6738	0	9	5	2.7531406879425049	0103000020E61000000100000005000000A323F340FEB55A4045777200AB7C18C0A323F340FEB55A40666616EDBD7B18C0302C3C8EE5B55A40666616EDBD7B18C0302C3C8EE5B55A4045777200AB7C18C0A323F340FEB55A4045777200AB7C18C0	3	0.029999999999999999	4.0599999999999996	0.45000000000000001	0.029999999999999999	0.10000000000000001
6739	1	9	5	3.6510014533996582	0103000020E61000000100000005000000161BAAF316B65A4045777200AB7C18C0161BAAF316B65A40666616EDBD7B18C0A323F340FEB55A40666616EDBD7B18C0A323F340FEB55A4045777200AB7C18C0161BAAF316B65A4045777200AB7C18C0	3	0.029999999999999999	4.0599999999999996	0.45000000000000001	0.029999999999999999	0.10000000000000001
6740	2	9	5	2.153611421585083	0103000020E61000000100000005000000891261A62FB65A4045777200AB7C18C0891261A62FB65A40666616EDBD7B18C0161BAAF316B65A40666616EDBD7B18C0161BAAF316B65A4045777200AB7C18C0891261A62FB65A4045777200AB7C18C0	3	0.029999999999999999	4.0599999999999996	0.45000000000000001	0.029999999999999999	0.10000000000000001
6741	3	9	5	4.2049717903137207	0103000020E61000000100000005000000FC09185948B65A4045777200AB7C18C0FC09185948B65A40666616EDBD7B18C0891261A62FB65A40666616EDBD7B18C0891261A62FB65A4045777200AB7C18C0FC09185948B65A4045777200AB7C18C0	3	0.029999999999999999	4.0599999999999996	0.45000000000000001	0.029999999999999999	0.10000000000000001
6742	4	9	5	4.9649643898010254	0103000020E610000001000000050000006F01CF0B61B65A4045777200AB7C18C06F01CF0B61B65A40666616EDBD7B18C0FC09185948B65A40666616EDBD7B18C0FC09185948B65A4045777200AB7C18C06F01CF0B61B65A4045777200AB7C18C0	3	0.029999999999999999	4.0599999999999996	0.45000000000000001	0.029999999999999999	0.10000000000000001
6743	5	9	5	3.4258096218109131	0103000020E61000000100000005000000E2F885BE79B65A4045777200AB7C18C0E2F885BE79B65A40666616EDBD7B18C06F01CF0B61B65A40666616EDBD7B18C06F01CF0B61B65A4045777200AB7C18C0E2F885BE79B65A4045777200AB7C18C0	3	0.029999999999999999	4.0599999999999996	0.45000000000000001	0.029999999999999999	0.10000000000000001
6744	6	9	5	7.9769353866577148	0103000020E6100000010000000500000054F03C7192B65A4045777200AB7C18C054F03C7192B65A40666616EDBD7B18C0E2F885BE79B65A40666616EDBD7B18C0E2F885BE79B65A4045777200AB7C18C054F03C7192B65A4045777200AB7C18C0	3	0.029999999999999999	4.0599999999999996	0.45000000000000001	0.029999999999999999	0.10000000000000001
6745	7	9	5	3.2637259960174561	0103000020E61000000100000005000000C7E7F323ABB65A4045777200AB7C18C0C7E7F323ABB65A40666616EDBD7B18C054F03C7192B65A40666616EDBD7B18C054F03C7192B65A4045777200AB7C18C0C7E7F323ABB65A4045777200AB7C18C0	3	0.029999999999999999	4.0599999999999996	0.45000000000000001	0.029999999999999999	0.10000000000000001
6747	1	10	5	2.0529074668884282	0103000020E61000000100000005000000161BAAF316B65A40666616EDBD7B18C0161BAAF316B65A408655BAD9D07A18C0A323F340FEB55A408655BAD9D07A18C0A323F340FEB55A40666616EDBD7B18C0161BAAF316B65A40666616EDBD7B18C0	\N	0.029999999999999999	4.0599999999999996	0.45000000000000001	0.029999999999999999	0.10000000000000001
6748	2	10	5	0.63618624210357666	0103000020E61000000100000005000000891261A62FB65A40666616EDBD7B18C0891261A62FB65A408655BAD9D07A18C0161BAAF316B65A408655BAD9D07A18C0161BAAF316B65A40666616EDBD7B18C0891261A62FB65A40666616EDBD7B18C0	3	0.029999999999999999	4.0599999999999996	0.45000000000000001	0.029999999999999999	0.10000000000000001
6749	3	10	5	1.225002765655518	0103000020E61000000100000005000000FC09185948B65A40666616EDBD7B18C0FC09185948B65A408655BAD9D07A18C0891261A62FB65A408655BAD9D07A18C0891261A62FB65A40666616EDBD7B18C0FC09185948B65A40666616EDBD7B18C0	3	0.029999999999999999	4.0599999999999996	0.45000000000000001	0.029999999999999999	0.10000000000000001
6750	4	10	5	2.300111055374146	0103000020E610000001000000050000006F01CF0B61B65A40666616EDBD7B18C06F01CF0B61B65A408655BAD9D07A18C0FC09185948B65A408655BAD9D07A18C0FC09185948B65A40666616EDBD7B18C06F01CF0B61B65A40666616EDBD7B18C0	3	0.029999999999999999	4.0599999999999996	0.45000000000000001	0.029999999999999999	0.10000000000000001
6751	5	10	5	1.701342105865479	0103000020E61000000100000005000000E2F885BE79B65A40666616EDBD7B18C0E2F885BE79B65A408655BAD9D07A18C06F01CF0B61B65A408655BAD9D07A18C06F01CF0B61B65A40666616EDBD7B18C0E2F885BE79B65A40666616EDBD7B18C0	3	0.029999999999999999	4.0599999999999996	0.45000000000000001	0.029999999999999999	0.10000000000000001
6752	6	10	5	4.7846226692199707	0103000020E6100000010000000500000054F03C7192B65A40666616EDBD7B18C054F03C7192B65A408655BAD9D07A18C0E2F885BE79B65A408655BAD9D07A18C0E2F885BE79B65A40666616EDBD7B18C054F03C7192B65A40666616EDBD7B18C0	3	0.029999999999999999	4.0599999999999996	0.45000000000000001	0.029999999999999999	0.10000000000000001
6753	7	10	5	1.7191789150238039	0103000020E61000000100000005000000C7E7F323ABB65A40666616EDBD7B18C0C7E7F323ABB65A408655BAD9D07A18C054F03C7192B65A408655BAD9D07A18C054F03C7192B65A40666616EDBD7B18C0C7E7F323ABB65A40666616EDBD7B18C0	3	0.029999999999999999	4.0599999999999996	0.45000000000000001	0.029999999999999999	0.10000000000000001
6759	5	11	5	0.031122772023081779	0103000020E61000000100000005000000E2F885BE79B65A408655BAD9D07A18C0E2F885BE79B65A40A7445EC6E37918C06F01CF0B61B65A40A7445EC6E37918C06F01CF0B61B65A408655BAD9D07A18C0E2F885BE79B65A408655BAD9D07A18C0	3	0.029999999999999999	4.0599999999999996	0.45000000000000001	0.029999999999999999	0.10000000000000001
6760	6	11	5	2.02245020866394	0103000020E6100000010000000500000054F03C7192B65A408655BAD9D07A18C054F03C7192B65A40A7445EC6E37918C0E2F885BE79B65A40A7445EC6E37918C0E2F885BE79B65A408655BAD9D07A18C054F03C7192B65A408655BAD9D07A18C0	3	0.029999999999999999	4.0599999999999996	0.45000000000000001	0.029999999999999999	0.10000000000000001
6761	7	11	5	0.45425587892532349	0103000020E61000000100000005000000C7E7F323ABB65A408655BAD9D07A18C0C7E7F323ABB65A40A7445EC6E37918C054F03C7192B65A40A7445EC6E37918C054F03C7192B65A408655BAD9D07A18C0C7E7F323ABB65A408655BAD9D07A18C0	3	0.029999999999999999	4.0599999999999996	0.45000000000000001	0.029999999999999999	0.10000000000000001
6768	6	12	5	0.33851268887519842	0103000020E6100000010000000500000054F03C7192B65A40A7445EC6E37918C054F03C7192B65A40C73302B3F67818C0E2F885BE79B65A40C73302B3F67818C0E2F885BE79B65A40A7445EC6E37918C054F03C7192B65A40A7445EC6E37918C0	\N	0.029999999999999999	4.0599999999999996	0.45000000000000001	0.029999999999999999	0.10000000000000001
\.


--
-- TOC entry 3498 (class 0 OID 27030)
-- Dependencies: 186
-- Data for Name: cell_height_water; Type: TABLE DATA; Schema: public; Owner: postgres
--

COPY cell_height_water (id, cell_id, value, start_time, end_time, project_id) FROM stdin;
47384	6682	1.38245976	1488031200	\N	5
44302	6676	0.536505103	1487840400	1487844000	5
44304	6679	0.251807243	1487840400	1487844000	5
44307	6683	0.529383361	1487840400	1487844000	5
44317	6699	0.488624662	1487840400	1487844000	5
44322	6711	0.406844556	1487840400	1487844000	5
44328	6721	0.266564757	1487840400	1487844000	5
44331	6727	0.438557774	1487840400	1487844000	5
44334	6735	0.580577552	1487840400	1487844000	5
44347	6759	0.591009915	1487840400	1487844000	5
44359	6759	0.273178369	1487844000	1487847600	5
44295	6666	0.0705371797	1487840400	1487851200	5
44296	6669	0.0216995049	1487840400	1487851200	5
44297	6671	0.279575765	1487840400	1487851200	5
44298	6672	0.284620225	1487840400	1487851200	5
44299	6673	0.121241495	1487840400	1487851200	5
44300	6674	0.196667537	1487840400	1487851200	5
44301	6675	0.0433797128	1487840400	1487851200	5
44350	6676	0.0146872718	1487844000	1487851200	5
44303	6678	0.201776594	1487840400	1487851200	5
44351	6679	0.101907887	1487844000	1487851200	5
44305	6680	0.0972709879	1487840400	1487851200	5
44306	6682	0.0108463513	1487840400	1487851200	5
44352	6683	0.0199113581	1487844000	1487851200	5
44308	6685	0.227669209	1487840400	1487851200	5
44309	6687	0.00859834906	1487840400	1487851200	5
44310	6689	0.265907288	1487840400	1487851200	5
44311	6691	0.0989911258	1487840400	1487851200	5
44312	6693	0.193318158	1487840400	1487851200	5
44313	6694	0.246298283	1487840400	1487851200	5
44314	6695	0.177885428	1487840400	1487851200	5
44315	6697	0.0570943132	1487840400	1487851200	5
44316	6698	0.15667811	1487840400	1487851200	5
44353	6699	0.21673499	1487844000	1487851200	5
44318	6701	0.343309492	1487840400	1487851200	5
44319	6704	0.127026528	1487840400	1487851200	5
44320	6707	0.469636232	1487840400	1487851200	5
44321	6708	0.41212067	1487840400	1487851200	5
44323	6712	0.315122813	1487840400	1487851200	5
44324	6713	0.184974879	1487840400	1487851200	5
44325	6716	0.286296248	1487840400	1487851200	5
44327	6720	0.060308367	1487840400	1487851200	5
44355	6721	0.0483781286	1487844000	1487851200	5
44329	6723	0.412961096	1487840400	1487851200	5
44330	6726	0.308220714	1487840400	1487851200	5
44357	6727	0.102926165	1487844000	1487851200	5
44333	6731	0.338698715	1487840400	1487851200	5
44358	6735	0.133644089	1487844000	1487851200	5
44335	6736	0.22484988	1487840400	1487851200	5
44336	6737	0.165422812	1487840400	1487851200	5
44337	6740	0.102341853	1487840400	1487851200	5
44338	6742	0.382732272	1487840400	1487851200	5
44340	6745	0.0557886101	1487840400	1487851200	5
44341	6748	0.425757706	1487840400	1487851200	5
44342	6750	0.374623001	1487840400	1487851200	5
44343	6751	0.133514449	1487840400	1487851200	5
44344	6752	0.205755293	1487840400	1487851200	5
44346	6758	0.258347213	1487840400	1487851200	5
44362	6759	0.0546522662	1487847600	1487851200	5
44348	6760	0.316275775	1487840400	1487851200	5
44349	6761	0.0469744615	1487840400	1487851200	5
44363	6666	4.51053715	1487851200	1487854800	5
44365	6668	4.32573891	1487851200	1487854800	5
44366	6669	4.46169949	1487851200	1487854800	5
44367	6670	4.3729763	1487851200	1487854800	5
44368	6671	4.71957588	1487851200	1487854800	5
44369	6672	4.72462034	1487851200	1487854800	5
44370	6673	4.56124163	1487851200	1487854800	5
44372	6675	4.48337984	1487851200	1487854800	5
44373	6676	4.97650528	1487851200	1487854800	5
44374	6677	4.08079004	1487851200	1487854800	5
44375	6678	4.64177656	1487851200	1487854800	5
44376	6679	4.69180727	1487851200	1487854800	5
44378	6681	4.08778811	1487851200	1487854800	5
44379	6682	4.4508462	1487851200	1487854800	5
44380	6683	4.96938324	1487851200	1487854800	5
44381	6684	4.22439909	1487851200	1487854800	5
44382	6685	4.6676693	1487851200	1487854800	5
44384	6687	4.44859838	1487851200	1487854800	5
44385	6688	0.308724195	1487851200	1487854800	5
44386	6689	4.70590734	1487851200	1487854800	5
44387	6690	4.11490488	1487851200	1487854800	5
44388	6691	4.53899097	1487851200	1487854800	5
44389	6692	2.51526022	1487851200	1487854800	5
44391	6694	4.68629837	1487851200	1487854800	5
44392	6695	4.61788559	1487851200	1487854800	5
44393	6696	4.18613815	1487851200	1487854800	5
44394	6697	4.49709415	1487851200	1487854800	5
44395	6698	4.59667826	1487851200	1487854800	5
44397	6700	4.27895069	1487851200	1487854800	5
44398	6701	4.78330946	1487851200	1487854800	5
44399	6702	4.11880016	1487851200	1487854800	5
44400	6703	4.31619358	1487851200	1487854800	5
44401	6704	4.56702662	1487851200	1487854800	5
44403	6706	4.17171812	1487851200	1487854800	5
44404	6707	4.90963602	1487851200	1487854800	5
44405	6708	4.85212088	1487851200	1487854800	5
44406	6709	4.1252327	1487851200	1487854800	5
44407	6710	3.87880683	1487851200	1487854800	5
44356	6722	0.0136411702	1487844000	1487854800	5
44361	6768	0.151312694	1487844000	1487854800	5
44354	6711	0.0235750303	1487844000	1487851200	5
44326	6717	0.204840273	1487840400	1487851200	5
47456	6693	1.7433182	1488034800	\N	5
44332	6728	0.184871852	1487840400	1487851200	5
44339	6744	0.491235107	1487840400	1487851200	5
44345	6753	0.198275149	1487840400	1487851200	5
44364	6667	4.19197607	1487851200	1487854800	5
44371	6674	4.63666773	1487851200	1487854800	5
44377	6680	4.53727102	1487851200	1487854800	5
44383	6686	4.04643488	1487851200	1487854800	5
44390	6693	4.63331795	1487851200	1487854800	5
44396	6699	4.92862463	1487851200	1487854800	5
44402	6705	4.33203125	1487851200	1487854800	5
44408	6711	4.84684467	1487851200	1487854800	5
44409	6712	4.75512266	1487851200	1487854800	5
44410	6713	4.62497473	1487851200	1487854800	5
44411	6714	4.17578125	1487851200	1487854800	5
44412	6715	4.12801838	1487851200	1487854800	5
44413	6716	4.72629642	1487851200	1487854800	5
44414	6717	4.64484024	1487851200	1487854800	5
44415	6718	1.99552023	1487851200	1487854800	5
44416	6719	4.23269367	1487851200	1487854800	5
44417	6720	4.50030851	1487851200	1487854800	5
44418	6721	4.7065649	1487851200	1487854800	5
44419	6723	4.85296106	1487851200	1487854800	5
44420	6724	4.09579849	1487851200	1487854800	5
44421	6725	4.24293327	1487851200	1487854800	5
44422	6726	4.74822092	1487851200	1487854800	5
44424	6728	4.62487173	1487851200	1487854800	5
44425	6729	4.17333412	1487851200	1487854800	5
44426	6731	4.77869892	1487851200	1487854800	5
44427	6732	4.07474184	1487851200	1487854800	5
44428	6733	4.11508751	1487851200	1487854800	5
44429	6734	4.29431343	1487851200	1487854800	5
44431	6736	4.66484976	1487851200	1487854800	5
44432	6737	4.60542297	1487851200	1487854800	5
44433	6738	4.21343088	1487851200	1487854800	5
44435	6740	4.54234171	1487851200	1487854800	5
44436	6741	4.08754683	1487851200	1487854800	5
44438	6743	4.29201698	1487851200	1487854800	5
44439	6744	4.93123531	1487851200	1487854800	5
44440	6745	4.49578857	1487851200	1487854800	5
44441	6748	4.86575747	1487851200	1487854800	5
44442	6749	4.32428074	1487851200	1487854800	5
44444	6751	4.57351446	1487851200	1487854800	5
44445	6752	4.64575529	1487851200	1487854800	5
44446	6753	4.63827515	1487851200	1487854800	5
44447	6758	4.70347071	1487851200	1487854800	5
44448	6759	5.04469252	1487851200	1487854800	5
44449	6760	4.75627565	1487851200	1487854800	5
44451	6769	4.09290934	1487851200	1487854800	5
44452	6666	5.68825531	1487854800	1487858400	5
44453	6667	3.22402883	1487854800	1487858400	5
44454	6668	0.950304329	1487854800	1487858400	5
44455	6669	4.88106871	1487854800	1487858400	5
44457	6671	3.96091747	1487854800	1487858400	5
44458	6672	4.60240602	1487854800	1487858400	5
44459	6673	4.25418997	1487854800	1487858400	5
44460	6674	6.51235294	1487854800	1487858400	5
44461	6675	2.99900746	1487854800	1487858400	5
44463	6677	4.99667978	1487854800	1487858400	5
44464	6678	5.12867594	1487854800	1487858400	5
44465	6679	5.02531338	1487854800	1487858400	5
44466	6680	0.379716575	1487854800	1487858400	5
44467	6681	4.59621668	1487854800	1487858400	5
44468	6682	5.72847128	1487854800	1487858400	5
44470	6684	6.65027189	1487854800	1487858400	5
44471	6685	2.02056026	1487854800	1487858400	5
44472	6686	4.2614727	1487854800	1487858400	5
44473	6687	1.80853534	1487854800	1487858400	5
44474	6688	1.66726506	1487854800	1487858400	5
44476	6690	5.67195511	1487854800	1487858400	5
44477	6691	4.31141424	1487854800	1487858400	5
44478	6692	4.15706968	1487854800	1487858400	5
44479	6693	0.490021676	1487854800	1487858400	5
44480	6694	2.78803968	1487854800	1487858400	5
44482	6696	3.70398521	1487854800	1487858400	5
44483	6697	4.60900402	1487854800	1487858400	5
44484	6698	2.9201076	1487854800	1487858400	5
44485	6699	5.08838606	1487854800	1487858400	5
44486	6700	2.61836386	1487854800	1487858400	5
44487	6701	3.10166836	1487854800	1487858400	5
44489	6703	5.18261719	1487854800	1487858400	5
44490	6704	4.64886475	1487854800	1487858400	5
44491	6705	4.62981462	1487854800	1487858400	5
44492	6706	0.144647688	1487854800	1487858400	5
44493	6707	3.45478439	1487854800	1487858400	5
44495	6709	3.39772964	1487854800	1487858400	5
44496	6710	6.69954872	1487854800	1487858400	5
44497	6711	5.20875216	1487854800	1487858400	5
44498	6712	4.48150969	1487854800	1487858400	5
44499	6713	1.81820691	1487854800	1487858400	5
44501	6715	3.10507131	1487854800	1487858400	5
44502	6716	1.41024232	1487854800	1487858400	5
44503	6717	1.99242902	1487854800	1487858400	5
44504	6718	4.94352818	1487854800	1487858400	5
44505	6719	3.55285764	1487854800	1487858400	5
44506	6720	6.54671669	1487854800	1487858400	5
44508	6722	4.30314589	1487854800	1487858400	5
44509	6723	2.58099246	1487854800	1487858400	5
44510	6724	2.89812946	1487854800	1487858400	5
44434	6739	4.22034121	1487851200	1487858400	5
44423	6727	4.87855768	1487851200	1487854800	5
47457	6694	1.79939246	1488034800	\N	5
44430	6735	5.02057743	1487851200	1487854800	5
44437	6742	4.82273245	1487851200	1487854800	5
44443	6750	4.81462288	1487851200	1487854800	5
44450	6761	4.48697424	1487851200	1487854800	5
44360	6767	0.0517497472	1487844000	1487854800	5
44456	6670	1.48949111	1487854800	1487858400	5
44462	6676	0.73680377	1487854800	1487858400	5
44469	6683	2.85777211	1487854800	1487858400	5
44475	6689	5.43243599	1487854800	1487858400	5
44481	6695	4.88190317	1487854800	1487858400	5
44488	6702	6.30148458	1487854800	1487858400	5
44494	6708	0.590807438	1487854800	1487858400	5
44500	6714	2.01092887	1487854800	1487858400	5
44507	6721	5.96373558	1487854800	1487858400	5
44511	6725	4.44620562	1487854800	1487858400	5
44512	6726	2.95119405	1487854800	1487858400	5
44514	6728	4.66506767	1487854800	1487858400	5
44515	6729	5.30914259	1487854800	1487858400	5
44516	6730	1.37909853	1487854800	1487858400	5
44517	6731	3.04147196	1487854800	1487858400	5
44518	6732	4.27682304	1487854800	1487858400	5
44520	6734	2.69263291	1487854800	1487858400	5
44521	6735	2.88290811	1487854800	1487858400	5
44522	6736	0.726368189	1487854800	1487858400	5
44523	6737	3.70188856	1487854800	1487858400	5
44524	6738	2.04774785	1487854800	1487858400	5
44525	6740	5.08227491	1487854800	1487858400	5
44527	6742	0.717278719	1487854800	1487858400	5
44528	6743	3.47933626	1487854800	1487858400	5
44530	6745	2.71908545	1487854800	1487858400	5
44531	6746	1.05643582	1487854800	1487858400	5
44532	6747	2.89650941	1487854800	1487858400	5
44534	6749	3.83921528	1487854800	1487858400	5
44535	6750	3.75978827	1487854800	1487858400	5
44536	6751	5.15219116	1487854800	1487858400	5
44537	6752	0.787349999	1487854800	1487858400	5
44538	6753	5.27707148	1487854800	1487858400	5
44540	6756	1.11788094	1487854800	1487858400	5
44541	6757	2.64578772	1487854800	1487858400	5
44542	6758	4.76977777	1487854800	1487858400	5
44543	6759	4.64005709	1487854800	1487858400	5
44544	6760	1.02942359	1487854800	1487858400	5
44545	6761	3.89566326	1487854800	1487858400	5
44547	6766	1.68260109	1487854800	1487858400	5
44548	6767	2.85357356	1487854800	1487858400	5
44549	6768	3.33239079	1487854800	1487858400	5
44550	6769	2.39066267	1487854800	1487858400	5
44551	6777	0.879112065	1487854800	1487858400	5
44553	6667	2.73947215	1487858400	1487862000	5
44554	6668	1.79512894	1487858400	1487862000	5
44555	6669	4.43322515	1487858400	1487862000	5
44556	6670	3.45875382	1487858400	1487862000	5
44557	6671	4.04723454	1487858400	1487862000	5
44559	6673	3.14922738	1487858400	1487862000	5
44560	6674	5.19578981	1487858400	1487862000	5
44561	6675	3.14529419	1487858400	1487862000	5
44562	6676	2.75644183	1487858400	1487862000	5
44563	6677	2.33891821	1487858400	1487862000	5
44564	6678	2.59451175	1487858400	1487862000	5
44566	6680	1.96066797	1487858400	1487862000	5
44567	6681	4.17757463	1487858400	1487862000	5
44568	6682	5.11711121	1487858400	1487862000	5
44569	6683	4.23659992	1487858400	1487862000	5
44570	6684	2.20667672	1487858400	1487862000	5
44572	6686	2.81257105	1487858400	1487862000	5
44573	6687	3.26135349	1487858400	1487862000	5
44574	6688	2.18112373	1487858400	1487862000	5
44575	6689	2.86075878	1487858400	1487862000	5
44576	6690	3.68232656	1487858400	1487862000	5
44578	6692	2.72728372	1487858400	1487862000	5
44579	6693	2.41973186	1487858400	1487862000	5
44580	6694	3.2140801	1487858400	1487862000	5
44581	6695	4.06347561	1487858400	1487862000	5
44582	6696	3.89011264	1487858400	1487862000	5
44583	6697	4.69111967	1487858400	1487862000	5
44585	6699	1.13072121	1487858400	1487862000	5
44586	6700	1.56089306	1487858400	1487862000	5
44587	6701	3.44963193	1487858400	1487862000	5
44588	6702	2.8573544	1487858400	1487862000	5
44589	6703	5.90640974	1487858400	1487862000	5
44591	6705	1.3354032	1487858400	1487862000	5
44592	6706	0.927608013	1487858400	1487862000	5
44593	6707	1.80268967	1487858400	1487862000	5
44594	6708	1.55580962	1487858400	1487862000	5
44595	6709	2.97432232	1487858400	1487862000	5
44597	6711	6.94195986	1487858400	1487862000	5
44598	6712	5.36681795	1487858400	1487862000	5
44599	6713	4.24805784	1487858400	1487862000	5
44600	6714	1.24331558	1487858400	1487862000	5
44601	6715	1.60103154	1487858400	1487862000	5
44602	6716	1.78094947	1487858400	1487862000	5
44604	6718	4.29744577	1487858400	1487862000	5
44605	6719	5.03659534	1487858400	1487862000	5
44606	6720	3.13091993	1487858400	1487862000	5
44607	6721	6.6136837	1487858400	1487862000	5
44608	6722	1.0025847	1487858400	1487862000	5
44610	6724	1.27093315	1487858400	1487862000	5
44611	6725	0.0621744432	1487858400	1487862000	5
44612	6726	3.22737551	1487858400	1487862000	5
44529	6744	0.409150124	1487854800	1487862000	5
44513	6727	4.25657415	1487854800	1487858400	5
47659	6750	0.68943727	1488042000	\N	5
44519	6733	0.83983475	1487854800	1487858400	5
44526	6741	1.51693654	1487854800	1487858400	5
44533	6748	4.45244217	1487854800	1487858400	5
44539	6755	0.522354484	1487854800	1487858400	5
44546	6765	0.368259728	1487854800	1487858400	5
44552	6666	4.63532495	1487858400	1487862000	5
44558	6672	1.54887176	1487858400	1487862000	5
44565	6679	4.50998402	1487858400	1487862000	5
44571	6685	4.2135663	1487858400	1487862000	5
44577	6691	1.60337055	1487858400	1487862000	5
44584	6698	2.71411514	1487858400	1487862000	5
44590	6704	4.67610788	1487858400	1487862000	5
44596	6710	2.02224493	1487858400	1487862000	5
44603	6717	2.410712	1487858400	1487862000	5
44609	6723	3.03064036	1487858400	1487862000	5
44614	6728	0.731720388	1487858400	1487862000	5
44616	6730	1.70359492	1487858400	1487862000	5
44617	6731	4.43856192	1487858400	1487862000	5
44618	6732	2.34542823	1487858400	1487862000	5
44619	6733	1.63553882	1487858400	1487862000	5
44620	6734	2.78075504	1487858400	1487862000	5
44622	6736	0.380129457	1487858400	1487862000	5
44623	6737	3.41757464	1487858400	1487862000	5
44624	6738	1.41213977	1487858400	1487862000	5
44625	6739	1.59183216	1487858400	1487862000	5
44626	6740	0.48879683	1487858400	1487862000	5
44627	6741	1.0706172	1487858400	1487862000	5
44629	6743	0.0201717932	1487858400	1487862000	5
44630	6745	2.94506478	1487858400	1487862000	5
44631	6746	1.00079644	1487858400	1487862000	5
44632	6747	2.17981458	1487858400	1487862000	5
44633	6748	1.93352056	1487858400	1487862000	5
44635	6750	2.22288609	1487858400	1487862000	5
44636	6751	1.33210742	1487858400	1487862000	5
44637	6752	0.773944378	1487858400	1487862000	5
44638	6753	1.68715441	1487858400	1487862000	5
44639	6755	1.3869909	1487858400	1487862000	5
44641	6757	2.81499362	1487858400	1487862000	5
44642	6758	3.16550994	1487858400	1487862000	5
44643	6759	3.66323709	1487858400	1487862000	5
44644	6760	4.66007614	1487858400	1487862000	5
44645	6761	2.34696531	1487858400	1487862000	5
44646	6764	0.660247862	1487858400	1487862000	5
44648	6766	2.78432798	1487858400	1487862000	5
44649	6767	3.04720306	1487858400	1487862000	5
44650	6768	2.43511415	1487858400	1487862000	5
44651	6769	1.69111443	1487858400	1487862000	5
44652	6774	0.628347576	1487858400	1487862000	5
44654	6777	1.47718894	1487858400	1487862000	5
44655	6666	9.51482773	1487862000	1487865600	5
44656	6667	6.42774725	1487862000	1487865600	5
44657	6668	5.98228502	1487862000	1487865600	5
44658	6669	6.46641064	1487862000	1487865600	5
44660	6671	5.29638433	1487862000	1487865600	5
44661	6672	8.07508945	1487862000	1487865600	5
44662	6673	7.39901209	1487862000	1487865600	5
44663	6674	10.5297794	1487862000	1487865600	5
44664	6675	6.19650507	1487862000	1487865600	5
44665	6676	5.00179338	1487862000	1487865600	5
44667	6678	9.25949478	1487862000	1487865600	5
44668	6679	8.22128487	1487862000	1487865600	5
44669	6680	6.52429295	1487862000	1487865600	5
44670	6681	6.78655434	1487862000	1487865600	5
44671	6682	7.87841082	1487862000	1487865600	5
44673	6684	9.10996532	1487862000	1487865600	5
44674	6685	5.77796078	1487862000	1487865600	5
44675	6686	7.82275057	1487862000	1487865600	5
44676	6687	6.71390486	1487862000	1487865600	5
44677	6688	6.66683817	1487862000	1487865600	5
44679	6690	8.18917179	1487862000	1487865600	5
44680	6691	6.79219627	1487862000	1487865600	5
44681	6692	7.74271822	1487862000	1487865600	5
44682	6693	4.68230438	1487862000	1487865600	5
44683	6694	7.65432692	1487862000	1487865600	5
44684	6695	9.12210941	1487862000	1487865600	5
44686	6697	7.48557281	1487862000	1487865600	5
44687	6698	4.84020805	1487862000	1487865600	5
44688	6699	7.79554033	1487862000	1487865600	5
44689	6700	5.76786089	1487862000	1487865600	5
44690	6701	5.91113472	1487862000	1487865600	5
44692	6703	6.60108519	1487862000	1487865600	5
44693	6704	9.16339016	1487862000	1487865600	5
44694	6705	8.88789749	1487862000	1487865600	5
44695	6706	4.72444963	1487862000	1487865600	5
44696	6707	6.33264637	1487862000	1487865600	5
44698	6709	6.88312912	1487862000	1487865600	5
44699	6710	9.81619167	1487862000	1487865600	5
44700	6711	6.14733458	1487862000	1487865600	5
44701	6712	9.86573029	1487862000	1487865600	5
44702	6713	9.28461075	1487862000	1487865600	5
44703	6714	5.55618334	1487862000	1487865600	5
44705	6716	4.97707367	1487862000	1487865600	5
44706	6717	6.02332926	1487862000	1487865600	5
44707	6718	7.94268513	1487862000	1487865600	5
44708	6719	8.33078289	1487862000	1487865600	5
44709	6720	9.28376484	1487862000	1487865600	5
44711	6722	2.3842473	1487862000	1487865600	5
44712	6723	5.88749504	1487862000	1487865600	5
44713	6724	5.63344002	1487862000	1487865600	5
44714	6725	6.94766665	1487862000	1487865600	5
47660	6751	0.238637149	1488042000	\N	5
44613	6727	1.82614076	1487858400	1487862000	5
44615	6729	3.63705349	1487858400	1487862000	5
44621	6735	2.20757437	1487858400	1487862000	5
44628	6742	1.62918437	1487858400	1487862000	5
44634	6749	3.46244454	1487858400	1487862000	5
44640	6756	2.14419556	1487858400	1487862000	5
44647	6765	1.34564233	1487858400	1487862000	5
44653	6776	1.73050141	1487858400	1487862000	5
44659	6670	7.56583357	1487862000	1487865600	5
44666	6677	8.51066303	1487862000	1487865600	5
44672	6683	6.05328703	1487862000	1487865600	5
44678	6689	9.00025082	1487862000	1487865600	5
44685	6696	7.47572422	1487862000	1487865600	5
44691	6702	9.00769997	1487862000	1487865600	5
44697	6708	4.80607319	1487862000	1487865600	5
44704	6715	5.49279261	1487862000	1487865600	5
44710	6721	5.92498589	1487862000	1487865600	5
44717	6728	7.75377607	1487862000	1487865600	5
44718	6729	8.58743191	1487862000	1487865600	5
44719	6730	0.423516631	1487862000	1487865600	5
44720	6731	5.08361578	1487862000	1487865600	5
44721	6732	6.65739346	1487862000	1487865600	5
44722	6733	4.38438225	1487862000	1487865600	5
44724	6735	5.88797522	1487862000	1487865600	5
44725	6736	4.28465128	1487862000	1487865600	5
44726	6737	5.36562634	1487862000	1487865600	5
44727	6738	6.01953077	1487862000	1487865600	5
44728	6739	5.32039404	1487862000	1487865600	5
44730	6741	4.76083136	1487862000	1487865600	5
44731	6742	5.3175807	1487862000	1487865600	5
44732	6743	5.7430687	1487862000	1487865600	5
44733	6744	4.49623489	1487862000	1487865600	5
44734	6745	6.2359724	1487862000	1487865600	5
44736	6747	0.380790651	1487862000	1487865600	5
44737	6748	7.0007062	1487862000	1487865600	5
44738	6749	4.79509258	1487862000	1487865600	5
44739	6750	5.73001194	1487862000	1487865600	5
44740	6751	6.45297861	1487862000	1487865600	5
44741	6752	5.3214345	1487862000	1487865600	5
44743	6755	1.0013361	1487862000	1487865600	5
44744	6756	1.45883083	1487862000	1487865600	5
44745	6757	1.07851744	1487862000	1487865600	5
44746	6758	6.44620085	1487862000	1487865600	5
44747	6759	6.5568161	1487862000	1487865600	5
44749	6761	6.78238201	1487862000	1487865600	5
44750	6763	0.341464818	1487862000	1487865600	5
44751	6764	1.31866074	1487862000	1487865600	5
44752	6765	1.74487412	1487862000	1487865600	5
44753	6766	2.40250111	1487862000	1487865600	5
44755	6768	3.14221907	1487862000	1487865600	5
44756	6769	7.23467207	1487862000	1487865600	5
44757	6773	0.394936621	1487862000	1487865600	5
44758	6774	1.1907711	1487862000	1487865600	5
44759	6776	1.34959829	1487862000	1487865600	5
44760	6777	1.90287113	1487862000	1487865600	5
44762	6667	6.56604385	1487865600	1487869200	5
44763	6668	4.37454748	1487865600	1487869200	5
44764	6669	7.68285131	1487865600	1487869200	5
44765	6670	7.25863838	1487865600	1487869200	5
44766	6671	7.78776836	1487865600	1487869200	5
44768	6673	6.70732212	1487865600	1487869200	5
44769	6674	8.56645203	1487865600	1487869200	5
44770	6675	6.40360022	1487865600	1487869200	5
44771	6676	5.2161355	1487865600	1487869200	5
44772	6677	6.75320768	1487865600	1487869200	5
44774	6679	8.69224358	1487865600	1487869200	5
44775	6680	1.6470288	1487865600	1487869200	5
44776	6681	7.32239676	1487865600	1487869200	5
44777	6682	8.60194874	1487865600	1487869200	5
44778	6683	7.51155853	1487865600	1487869200	5
44779	6684	8.46941471	1487865600	1487869200	5
44781	6686	6.87379026	1487865600	1487869200	5
44782	6687	7.20142269	1487865600	1487869200	5
44783	6688	6.6823101	1487865600	1487869200	5
44784	6689	7.28112745	1487865600	1487869200	5
44785	6690	6.82612896	1487865600	1487869200	5
44787	6692	4.79639053	1487865600	1487869200	5
44788	6693	6.00538015	1487865600	1487869200	5
44789	6694	3.44346166	1487865600	1487869200	5
44790	6695	7.89059258	1487865600	1487869200	5
44791	6696	7.87488222	1487865600	1487869200	5
44793	6698	5.92109489	1487865600	1487869200	5
44794	6699	1.41773272	1487865600	1487869200	5
44795	6700	5.56061554	1487865600	1487869200	5
44796	6701	6.39985609	1487865600	1487869200	5
44797	6702	8.55383492	1487865600	1487869200	5
44798	6703	9.78411293	1487865600	1487869200	5
44800	6705	9.28944969	1487865600	1487869200	5
44801	6706	4.37475014	1487865600	1487869200	5
44802	6707	5.10834551	1487865600	1487869200	5
44803	6708	2.94325304	1487865600	1487869200	5
44804	6709	6.16187429	1487865600	1487869200	5
44806	6711	9.9822464	1487865600	1487869200	5
44807	6712	8.07237244	1487865600	1487869200	5
44808	6713	2.80762577	1487865600	1487869200	5
44809	6714	2.54100394	1487865600	1487869200	5
44810	6715	4.56187344	1487865600	1487869200	5
44812	6717	5.70865917	1487865600	1487869200	5
44813	6718	7.56385946	1487865600	1487869200	5
44814	6719	8.16888142	1487865600	1487869200	5
44815	6720	9.14767742	1487865600	1487869200	5
47661	6753	0.458784282	1488042000	\N	5
44715	6726	4.95869589	1487862000	1487865600	5
44716	6727	7.52527857	1487862000	1487865600	5
44723	6734	4.96827984	1487862000	1487865600	5
44729	6740	7.31883621	1487862000	1487865600	5
44735	6746	1.13573122	1487862000	1487865600	5
44742	6753	6.15753126	1487862000	1487865600	5
44748	6760	5.0979557	1487862000	1487865600	5
44754	6767	2.38316226	1487862000	1487865600	5
44761	6666	9.28736591	1487865600	1487869200	5
44767	6672	5.86735868	1487865600	1487869200	5
44773	6678	4.20152378	1487865600	1487869200	5
44780	6685	7.83530617	1487865600	1487869200	5
44786	6691	6.08635712	1487865600	1487869200	5
44792	6697	8.80692482	1487865600	1487869200	5
44799	6704	8.80269432	1487865600	1487869200	5
44805	6710	5.32506657	1487865600	1487869200	5
44811	6716	4.10314798	1487865600	1487869200	5
44818	6723	5.88288355	1487865600	1487869200	5
44819	6724	4.40571022	1487865600	1487869200	5
44820	6725	3.80538487	1487865600	1487869200	5
44821	6726	6.29100275	1487865600	1487869200	5
44822	6727	3.10708642	1487865600	1487869200	5
44823	6728	4.03136492	1487865600	1487869200	5
44825	6730	3.45379686	1487865600	1487869200	5
44826	6731	6.52411318	1487865600	1487869200	5
44827	6732	6.51022911	1487865600	1487869200	5
44828	6733	4.28163052	1487865600	1487869200	5
44829	6734	5.06912184	1487865600	1487869200	5
44831	6736	4.13539791	1487865600	1487869200	5
44832	6737	6.13427114	1487865600	1487869200	5
44833	6738	1.53504598	1487865600	1487869200	5
44834	6739	2.92125082	1487865600	1487869200	5
44835	6740	0.692147911	1487865600	1487869200	5
44837	6742	0.638995707	1487865600	1487869200	5
44838	6743	4.63317633	1487865600	1487869200	5
44839	6744	0.760482132	1487865600	1487869200	5
44840	6745	4.86797142	1487865600	1487869200	5
44841	6746	2.00564146	1487865600	1487869200	5
44842	6747	4.69634771	1487865600	1487869200	5
44844	6749	6.31626987	1487865600	1487869200	5
44845	6750	6.01610851	1487865600	1487869200	5
44846	6751	5.09824181	1487865600	1487869200	5
44847	6752	1.23520768	1487865600	1487869200	5
44848	6753	5.97416449	1487865600	1487869200	5
44850	6756	2.49262285	1487865600	1487869200	5
44851	6757	5.98532152	1487865600	1487869200	5
44852	6758	4.77332449	1487865600	1487869200	5
44853	6759	6.06633329	1487865600	1487869200	5
44854	6760	5.5405364	1487865600	1487869200	5
44856	6763	0.350744665	1487865600	1487869200	5
44857	6764	0.549123526	1487865600	1487869200	5
44858	6765	1.05462241	1487865600	1487869200	5
44859	6766	2.35390568	1487865600	1487869200	5
44860	6767	5.08264208	1487865600	1487869200	5
44861	6768	6.33461428	1487865600	1487869200	5
44863	6773	0.738819361	1487865600	1487869200	5
44864	6774	1.23265707	1487865600	1487869200	5
44865	6776	3.64693522	1487865600	1487869200	5
44866	6777	2.71216059	1487865600	1487869200	5
44867	6666	7.71869135	1487869200	1487872800	5
44869	6668	4.91672707	1487869200	1487872800	5
44870	6669	7.75268078	1487869200	1487872800	5
44871	6670	1.72254908	1487869200	1487872800	5
44872	6671	5.96300602	1487869200	1487872800	5
44873	6672	7.62234974	1487869200	1487872800	5
44875	6674	9.53698444	1487869200	1487872800	5
44876	6675	6.01877165	1487869200	1487872800	5
44877	6676	5.76360655	1487869200	1487872800	5
44878	6677	6.67585325	1487869200	1487872800	5
44879	6678	7.27218294	1487869200	1487872800	5
44880	6679	7.24861717	1487869200	1487872800	5
44882	6681	7.15493727	1487869200	1487872800	5
44883	6682	5.22251987	1487869200	1487872800	5
44884	6683	2.40358305	1487869200	1487872800	5
44885	6684	8.08674145	1487869200	1487872800	5
44886	6685	2.77287292	1487869200	1487872800	5
44888	6687	3.35201502	1487869200	1487872800	5
44889	6688	5.35188818	1487869200	1487872800	5
44890	6689	8.44283199	1487869200	1487872800	5
44891	6690	6.58804369	1487869200	1487872800	5
44892	6691	5.78786707	1487869200	1487872800	5
44894	6693	3.70524621	1487869200	1487872800	5
44895	6694	6.89445496	1487869200	1487872800	5
44896	6695	8.09840298	1487869200	1487872800	5
44897	6696	8.49207115	1487869200	1487872800	5
44898	6697	8.29774761	1487869200	1487872800	5
44899	6698	2.05130219	1487869200	1487872800	5
44901	6700	4.5926199	1487869200	1487872800	5
44902	6701	4.96362638	1487869200	1487872800	5
44903	6702	8.9468298	1487869200	1487872800	5
44904	6703	4.5928669	1487869200	1487872800	5
44905	6704	9.27320194	1487869200	1487872800	5
44907	6706	2.63107824	1487869200	1487872800	5
44908	6707	4.57344913	1487869200	1487872800	5
44909	6708	3.35795188	1487869200	1487872800	5
44910	6709	5.47125912	1487869200	1487872800	5
44911	6710	8.24281406	1487869200	1487872800	5
44913	6712	8.98116207	1487869200	1487872800	5
44914	6713	7.19709063	1487869200	1487872800	5
44915	6714	3.80892253	1487869200	1487872800	5
44916	6715	4.45036888	1487869200	1487872800	5
47662	6757	0.462056339	1488042000	\N	5
44816	6721	9.78433609	1487865600	1487869200	5
44817	6722	6.09446478	1487865600	1487869200	5
44824	6729	6.8385725	1487865600	1487869200	5
44830	6735	6.58875418	1487865600	1487869200	5
44836	6741	4.19727468	1487865600	1487869200	5
44843	6748	4.25928831	1487865600	1487869200	5
44849	6755	1.76881957	1487865600	1487869200	5
44855	6761	3.9254992	1487865600	1487869200	5
44862	6769	2.1643014	1487865600	1487869200	5
44868	6667	6.33858252	1487869200	1487872800	5
44874	6673	2.84490252	1487869200	1487872800	5
44881	6680	4.93803072	1487869200	1487872800	5
44887	6686	6.55093622	1487869200	1487872800	5
44893	6692	5.77693319	1487869200	1487872800	5
44900	6699	5.78766727	1487869200	1487872800	5
44906	6705	3.90675616	1487869200	1487872800	5
44918	6717	2.15389609	1487869200	1487872800	5
44920	6719	7.94572592	1487869200	1487872800	5
44921	6720	8.29663467	1487869200	1487872800	5
44922	6721	4.52873278	1487869200	1487872800	5
44923	6722	1.95828664	1487869200	1487872800	5
44924	6723	3.28517032	1487869200	1487872800	5
44926	6725	5.36733103	1487869200	1487872800	5
44927	6726	4.47160864	1487869200	1487872800	5
44928	6727	6.10897446	1487869200	1487872800	5
44929	6728	6.25106192	1487869200	1487872800	5
44930	6729	7.45255136	1487869200	1487872800	5
44931	6730	3.3495121	1487869200	1487872800	5
44933	6732	4.47825003	1487869200	1487872800	5
44934	6733	1.69543326	1487869200	1487872800	5
44935	6734	4.19907904	1487869200	1487872800	5
44936	6735	1.26832843	1487869200	1487872800	5
44937	6736	1.74017739	1487869200	1487872800	5
44939	6738	2.95129228	1487869200	1487872800	5
44940	6739	3.81825972	1487869200	1487872800	5
44941	6740	5.54382801	1487869200	1487872800	5
44942	6741	3.56879115	1487869200	1487872800	5
44943	6742	3.58349466	1487869200	1487872800	5
44945	6744	0.840411127	1487869200	1487872800	5
44946	6745	5.52121639	1487869200	1487872800	5
44947	6746	1.9623363	1487869200	1487872800	5
44948	6747	0.624708593	1487869200	1487872800	5
44949	6748	5.18530941	1487869200	1487872800	5
44950	6749	2.35967445	1487869200	1487872800	5
44952	6751	3.9452641	1487869200	1487872800	5
44953	6752	2.92283058	1487869200	1487872800	5
44954	6753	3.33441687	1487869200	1487872800	5
44955	6755	2.75380516	1487869200	1487872800	5
44956	6756	3.57465339	1487869200	1487872800	5
44958	6758	5.15452337	1487869200	1487872800	5
44959	6759	5.56194019	1487869200	1487872800	5
44960	6760	2.46916962	1487869200	1487872800	5
44961	6761	5.98732376	1487869200	1487872800	5
44962	6762	0.00414479245	1487869200	1487872800	5
44964	6764	2.14285684	1487869200	1487872800	5
44965	6765	3.37505293	1487869200	1487872800	5
44966	6766	4.60227013	1487869200	1487872800	5
44967	6767	3.76262212	1487869200	1487872800	5
44968	6768	1.82506263	1487869200	1487872800	5
44969	6769	4.19303179	1487869200	1487872800	5
44971	6774	1.27351308	1487869200	1487872800	5
44972	6776	2.16414142	1487869200	1487872800	5
44973	6777	3.81715107	1487869200	1487872800	5
44974	6666	8.20487881	1487872800	1487876400	5
44975	6667	5.47029257	1487872800	1487876400	5
44977	6669	6.50484324	1487872800	1487876400	5
44978	6670	5.77882814	1487872800	1487876400	5
44979	6671	7.10624456	1487872800	1487876400	5
44980	6672	2.46815038	1487872800	1487876400	5
44981	6673	7.41680336	1487872800	1487876400	5
44983	6675	5.5010705	1487872800	1487876400	5
44984	6676	3.1441896	1487872800	1487876400	5
44985	6677	6.64818001	1487872800	1487876400	5
44986	6678	5.98495722	1487872800	1487876400	5
44987	6679	8.01072025	1487872800	1487876400	5
44988	6680	4.83116627	1487872800	1487876400	5
44990	6682	8.06182957	1487872800	1487876400	5
44991	6683	6.66129446	1487872800	1487876400	5
44992	6684	8.05321312	1487872800	1487876400	5
44993	6685	6.69027662	1487872800	1487876400	5
44994	6686	6.9161005	1487872800	1487876400	5
44996	6688	6.09424591	1487872800	1487876400	5
44997	6689	4.22463274	1487872800	1487876400	5
44998	6690	4.56174326	1487872800	1487876400	5
44999	6691	1.27095783	1487872800	1487876400	5
45000	6692	4.16095114	1487872800	1487876400	5
45002	6694	5.16441393	1487872800	1487876400	5
45003	6695	8.59673691	1487872800	1487876400	5
45004	6696	4.2871418	1487872800	1487876400	5
45005	6697	8.55678749	1487872800	1487876400	5
45006	6698	3.98520422	1487872800	1487876400	5
45007	6699	2.81812477	1487872800	1487876400	5
45009	6701	6.08446407	1487872800	1487876400	5
45010	6702	2.51906919	1487872800	1487876400	5
45011	6703	8.948102	1487872800	1487876400	5
45012	6704	2.17032695	1487872800	1487876400	5
45013	6705	8.35238934	1487872800	1487876400	5
45015	6707	4.3152771	1487872800	1487876400	5
45016	6708	1.96624458	1487872800	1487876400	5
45017	6709	5.78470945	1487872800	1487876400	5
45018	6710	8.36907196	1487872800	1487876400	5
44912	6711	7.7380271	1487869200	1487872800	5
47663	6758	1.40348709	1488042000	\N	5
44917	6716	3.55003691	1487869200	1487872800	5
44919	6718	7.42786074	1487869200	1487872800	5
44925	6724	3.92872167	1487869200	1487872800	5
44932	6731	4.51588726	1487869200	1487872800	5
44938	6737	2.40896702	1487869200	1487872800	5
44944	6743	4.69374704	1487869200	1487872800	5
44951	6750	1.58676267	1487869200	1487872800	5
44957	6757	2.1580224	1487869200	1487872800	5
44963	6763	0.579983711	1487869200	1487872800	5
44970	6773	0.62104249	1487869200	1487872800	5
44976	6668	5.04426575	1487872800	1487876400	5
44982	6674	4.81729555	1487872800	1487876400	5
44989	6681	6.76246119	1487872800	1487876400	5
44995	6687	7.2695303	1487872800	1487876400	5
45001	6693	4.86035109	1487872800	1487876400	5
45008	6700	3.76158381	1487872800	1487876400	5
45021	6713	7.3789115	1487872800	1487876400	5
45022	6714	2.94206619	1487872800	1487876400	5
45023	6715	2.91968918	1487872800	1487876400	5
45024	6716	2.53625631	1487872800	1487876400	5
45025	6717	4.36743307	1487872800	1487876400	5
45026	6718	1.82444084	1487872800	1487876400	5
45028	6720	8.02940464	1487872800	1487876400	5
45029	6721	8.6729784	1487872800	1487876400	5
45030	6722	5.05204153	1487872800	1487876400	5
45031	6723	4.73686838	1487872800	1487876400	5
45032	6724	2.99902415	1487872800	1487876400	5
45034	6726	4.89929056	1487872800	1487876400	5
45035	6727	3.24231911	1487872800	1487876400	5
45036	6728	4.87604094	1487872800	1487876400	5
45037	6729	7.06702328	1487872800	1487876400	5
45038	6730	0.260081053	1487872800	1487876400	5
45040	6732	5.20814562	1487872800	1487876400	5
45041	6733	2.48155546	1487872800	1487876400	5
45042	6734	3.31167173	1487872800	1487876400	5
45043	6735	5.29098701	1487872800	1487876400	5
45044	6736	2.68149352	1487872800	1487876400	5
45045	6737	5.77735281	1487872800	1487876400	5
45047	6739	1.90309	1487872800	1487876400	5
45048	6740	1.46507144	1487872800	1487876400	5
45049	6741	1.52337027	1487872800	1487876400	5
45050	6742	0.704981387	1487872800	1487876400	5
45051	6743	2.12091374	1487872800	1487876400	5
45054	6746	2.42780399	1487872800	1487876400	5
45055	6747	4.05432606	1487872800	1487876400	5
45056	6748	3.28908205	1487872800	1487876400	5
45057	6749	4.88304377	1487872800	1487876400	5
45058	6750	5.04157972	1487872800	1487876400	5
45060	6752	2.73694754	1487872800	1487876400	5
45061	6753	5.12283945	1487872800	1487876400	5
45062	6755	1.30438423	1487872800	1487876400	5
45063	6756	1.35683429	1487872800	1487876400	5
45064	6757	3.45403051	1487872800	1487876400	5
45065	6758	2.74387527	1487872800	1487876400	5
45067	6760	3.92067266	1487872800	1487876400	5
45068	6761	1.75615776	1487872800	1487876400	5
45069	6762	0.148591146	1487872800	1487876400	5
45070	6763	1.11193538	1487872800	1487876400	5
45071	6764	2.31737185	1487872800	1487876400	5
45073	6766	2.36348152	1487872800	1487876400	5
45074	6767	3.9633112	1487872800	1487876400	5
45075	6768	5.62772655	1487872800	1487876400	5
45076	6769	3.21152997	1487872800	1487876400	5
45077	6773	1.82531917	1487872800	1487876400	5
45079	6776	3.14407825	1487872800	1487876400	5
45080	6777	2.1861701	1487872800	1487876400	5
45081	6666	5.60520887	1487876400	1487880000	5
45082	6667	5.07740355	1487876400	1487880000	5
45083	6668	2.87808585	1487876400	1487880000	5
45084	6669	6.21016932	1487876400	1487880000	5
45086	6671	3.20269799	1487876400	1487880000	5
45087	6672	6.94082594	1487876400	1487880000	5
45088	6673	3.61721778	1487876400	1487880000	5
45089	6674	8.21932316	1487876400	1487880000	5
45090	6675	5.09365177	1487876400	1487880000	5
45092	6677	6.25965166	1487876400	1487880000	5
45093	6678	6.40780163	1487876400	1487880000	5
45094	6679	7.55618715	1487876400	1487880000	5
45095	6680	4.6747942	1487876400	1487880000	5
45096	6681	7.34018803	1487876400	1487880000	5
45098	6683	2.12016177	1487876400	1487880000	5
45099	6684	7.65690517	1487876400	1487880000	5
45100	6685	1.82776153	1487876400	1487880000	5
45101	6686	6.27478027	1487876400	1487880000	5
45102	6687	4.95346022	1487876400	1487880000	5
45103	6688	6.16904545	1487876400	1487880000	5
45105	6690	6.7645669	1487876400	1487880000	5
45106	6691	4.5653224	1487876400	1487880000	5
45107	6692	4.67958784	1487876400	1487880000	5
45108	6693	4.28663635	1487876400	1487880000	5
45109	6694	6.11194658	1487876400	1487880000	5
45111	6696	7.48165274	1487876400	1487880000	5
45112	6697	4.35042095	1487876400	1487880000	5
45113	6698	1.93390012	1487876400	1487880000	5
45114	6699	4.44905281	1487876400	1487880000	5
45115	6700	3.99017239	1487876400	1487880000	5
45117	6702	7.02512884	1487876400	1487880000	5
45118	6703	6.82856321	1487876400	1487880000	5
45119	6704	8.44159222	1487876400	1487880000	5
45052	6744	0.384317338	1487872800	1487883600	5
47763	6719	0.447120488	1488049200	\N	5
45014	6706	2.61456156	1487872800	1487876400	5
45019	6711	8.59055138	1487872800	1487876400	5
45020	6712	5.44766045	1487872800	1487876400	5
45027	6719	7.67767954	1487872800	1487876400	5
45033	6725	3.16837215	1487872800	1487876400	5
45039	6731	4.75262165	1487872800	1487876400	5
45046	6738	3.46124554	1487872800	1487876400	5
45053	6745	1.32917488	1487872800	1487876400	5
45059	6751	2.83878636	1487872800	1487876400	5
45066	6759	2.70460844	1487872800	1487876400	5
45072	6765	2.17218995	1487872800	1487876400	5
45078	6774	2.1540432	1487872800	1487876400	5
45085	6670	5.39615488	1487876400	1487880000	5
45091	6676	4.13228226	1487876400	1487880000	5
45097	6682	6.58435059	1487876400	1487880000	5
45104	6689	7.86699581	1487876400	1487880000	5
45110	6695	1.71897423	1487876400	1487880000	5
45122	6707	0.918455541	1487876400	1487880000	5
45123	6708	2.98078656	1487876400	1487880000	5
45124	6709	4.05933857	1487876400	1487880000	5
45125	6710	3.41237664	1487876400	1487880000	5
45126	6711	6.83863354	1487876400	1487880000	5
45127	6712	7.50710917	1487876400	1487880000	5
45129	6714	2.04782367	1487876400	1487880000	5
45130	6715	2.53617644	1487876400	1487880000	5
45131	6716	2.68684292	1487876400	1487880000	5
45132	6717	2.22620773	1487876400	1487880000	5
45133	6718	5.94053316	1487876400	1487880000	5
45135	6720	7.51434278	1487876400	1487880000	5
45136	6721	4.59667349	1487876400	1487880000	5
45137	6722	1.61081207	1487876400	1487880000	5
45138	6723	2.4143486	1487876400	1487880000	5
45139	6724	3.42334461	1487876400	1487880000	5
45141	6726	4.35563946	1487876400	1487880000	5
45142	6727	5.23943186	1487876400	1487880000	5
45143	6728	5.27484941	1487876400	1487880000	5
45144	6729	6.44801617	1487876400	1487880000	5
45145	6730	1.58068204	1487876400	1487880000	5
45146	6731	4.15879154	1487876400	1487880000	5
45148	6733	1.39646828	1487876400	1487880000	5
45149	6734	2.3106575	1487876400	1487880000	5
45150	6735	1.008775	1487876400	1487880000	5
45151	6736	1.32391775	1487876400	1487880000	5
45152	6737	3.3001411	1487876400	1487880000	5
45154	6739	2.3099966	1487876400	1487880000	5
45155	6740	4.41547346	1487876400	1487880000	5
45156	6741	1.31467021	1487876400	1487880000	5
45157	6742	2.47502232	1487876400	1487880000	5
45158	6743	3.25302911	1487876400	1487880000	5
45160	6746	1.9853642	1487876400	1487880000	5
45161	6747	1.38301635	1487876400	1487880000	5
45162	6748	3.31374979	1487876400	1487880000	5
45163	6749	1.23920548	1487876400	1487880000	5
45164	6750	0.752938926	1487876400	1487880000	5
45165	6751	2.85371804	1487876400	1487880000	5
45167	6753	1.30403042	1487876400	1487880000	5
45168	6755	2.69283104	1487876400	1487880000	5
45169	6756	3.26904511	1487876400	1487880000	5
45170	6757	2.25545073	1487876400	1487880000	5
45171	6758	4.48172665	1487876400	1487880000	5
45173	6760	2.94937849	1487876400	1487880000	5
45174	6761	4.30137634	1487876400	1487880000	5
45175	6762	0.140489846	1487876400	1487880000	5
45176	6763	0.88188225	1487876400	1487880000	5
45177	6764	0.750213206	1487876400	1487880000	5
45179	6766	2.88592911	1487876400	1487880000	5
45180	6767	2.10692596	1487876400	1487880000	5
45181	6768	0.915742815	1487876400	1487880000	5
45182	6769	2.15148449	1487876400	1487880000	5
45183	6773	1.69564986	1487876400	1487880000	5
45184	6774	1.93316126	1487876400	1487880000	5
45186	6777	2.89687681	1487876400	1487880000	5
45187	6666	6.58870029	1487880000	1487883600	5
45188	6667	4.58758974	1487880000	1487883600	5
45189	6668	3.42808676	1487880000	1487883600	5
45190	6669	5.70827103	1487880000	1487883600	5
45192	6671	5.55035114	1487880000	1487883600	5
45193	6672	1.96865809	1487880000	1487883600	5
45194	6673	5.55518866	1487880000	1487883600	5
45195	6674	6.74969196	1487880000	1487883600	5
45196	6675	4.26993704	1487880000	1487883600	5
45198	6677	5.08204269	1487880000	1487883600	5
45199	6678	5.81857204	1487880000	1487883600	5
45200	6679	3.44920683	1487880000	1487883600	5
45201	6680	3.69446182	1487880000	1487883600	5
45202	6681	6.48987865	1487880000	1487883600	5
45203	6682	6.38916969	1487880000	1487883600	5
45205	6684	2.44888067	1487880000	1487883600	5
45206	6685	5.43244362	1487880000	1487883600	5
45207	6686	4.11857176	1487880000	1487883600	5
45208	6687	5.85606003	1487880000	1487883600	5
45209	6688	4.07003784	1487880000	1487883600	5
45211	6690	1.46922982	1487880000	1487883600	5
45212	6691	3.76088476	1487880000	1487883600	5
45213	6692	4.61569595	1487880000	1487883600	5
45214	6693	0.420685381	1487880000	1487883600	5
45215	6694	2.51094127	1487880000	1487883600	5
45217	6696	4.11196613	1487880000	1487883600	5
45218	6697	7.7795186	1487880000	1487883600	5
45219	6698	2.57867718	1487880000	1487883600	5
45220	6699	4.92476606	1487880000	1487883600	5
47764	6720	2.26893878	1488049200	\N	5
45116	6701	1.23442543	1487876400	1487880000	5
45120	6705	2.30203438	1487876400	1487880000	5
45121	6706	1.73740041	1487876400	1487880000	5
45128	6713	6.95730114	1487876400	1487880000	5
45134	6719	3.81418777	1487876400	1487880000	5
45140	6725	4.6391964	1487876400	1487880000	5
45147	6732	0.820139587	1487876400	1487880000	5
45153	6738	0.959266663	1487876400	1487880000	5
45159	6745	4.69588375	1487876400	1487880000	5
45166	6752	0.0308010764	1487876400	1487880000	5
45172	6759	5.65887022	1487876400	1487880000	5
45178	6765	1.94277692	1487876400	1487880000	5
45185	6776	2.88906431	1487876400	1487880000	5
45191	6670	5.00762653	1487880000	1487883600	5
45197	6676	0.940456927	1487880000	1487883600	5
45204	6683	4.8748064	1487880000	1487883600	5
45210	6689	7.18483305	1487880000	1487883600	5
45223	6702	3.34846902	1487880000	1487883600	5
45224	6703	7.24487019	1487880000	1487883600	5
45225	6704	1.60742474	1487880000	1487883600	5
45226	6705	6.21898842	1487880000	1487883600	5
45227	6706	0.425878793	1487880000	1487883600	5
45228	6707	3.30763936	1487880000	1487883600	5
45230	6709	3.97132778	1487880000	1487883600	5
45231	6710	6.27077436	1487880000	1487883600	5
45232	6711	6.94459867	1487880000	1487883600	5
45233	6712	7.36976194	1487880000	1487883600	5
45234	6713	3.40469837	1487880000	1487883600	5
45236	6715	2.06091952	1487880000	1487883600	5
45237	6716	0.700260758	1487880000	1487883600	5
45238	6717	3.07222962	1487880000	1487883600	5
45239	6718	2.54388452	1487880000	1487883600	5
45240	6719	5.84862614	1487880000	1487883600	5
45242	6721	7.34666395	1487880000	1487883600	5
45243	6722	3.13784909	1487880000	1487883600	5
45244	6723	3.02047014	1487880000	1487883600	5
45245	6724	0.817362309	1487880000	1487883600	5
45246	6725	2.96798301	1487880000	1487883600	5
45247	6726	3.56212187	1487880000	1487883600	5
45249	6728	4.08146381	1487880000	1487883600	5
45250	6729	5.81015825	1487880000	1487883600	5
45251	6730	0.511005461	1487880000	1487883600	5
45252	6731	0.972544849	1487880000	1487883600	5
45253	6732	3.66360331	1487880000	1487883600	5
45255	6734	2.74796271	1487880000	1487883600	5
45256	6735	3.69163251	1487880000	1487883600	5
45257	6736	1.32195818	1487880000	1487883600	5
45258	6737	4.41781759	1487880000	1487883600	5
45259	6738	0.93648839	1487880000	1487883600	5
45261	6740	1.04856849	1487880000	1487883600	5
45262	6741	0.399817258	1487880000	1487883600	5
45263	6742	0.165235996	1487880000	1487883600	5
45264	6743	0.507671714	1487880000	1487883600	5
45265	6745	0.991083264	1487880000	1487883600	5
45266	6746	1.67189801	1487880000	1487883600	5
45268	6748	1.87907755	1487880000	1487883600	5
45269	6749	2.7026937	1487880000	1487883600	5
45270	6750	2.9114058	1487880000	1487883600	5
45271	6751	2.8518374	1487880000	1487883600	5
45272	6752	1.69092214	1487880000	1487883600	5
45274	6755	1.21989048	1487880000	1487883600	5
45275	6756	0.40618369	1487880000	1487883600	5
45276	6757	2.83796501	1487880000	1487883600	5
45277	6758	2.26968598	1487880000	1487883600	5
45278	6759	0.904174268	1487880000	1487883600	5
45280	6761	0.991795719	1487880000	1487883600	5
45281	6762	0.29159531	1487880000	1487883600	5
45282	6763	0.663512707	1487880000	1487883600	5
45283	6764	2.33696246	1487880000	1487883600	5
45284	6765	2.15438199	1487880000	1487883600	5
45285	6766	1.72733617	1487880000	1487883600	5
45287	6768	3.35766721	1487880000	1487883600	5
45288	6769	2.8748157	1487880000	1487883600	5
45289	6773	1.34260309	1487880000	1487883600	5
45290	6774	1.61941028	1487880000	1487883600	5
45291	6776	1.76099157	1487880000	1487883600	5
45293	6666	8.69888592	1487883600	1487887200	5
45294	6667	5.25624609	1487883600	1487887200	5
45295	6668	5.6749773	1487883600	1487887200	5
45296	6669	7.24043751	1487883600	1487887200	5
45297	6670	5.22123957	1487883600	1487887200	5
45299	6672	7.86202621	1487883600	1487887200	5
45300	6673	7.67631578	1487883600	1487887200	5
45301	6674	9.43831825	1487883600	1487887200	5
45302	6675	6.09832954	1487883600	1487887200	5
45303	6676	5.10999727	1487883600	1487887200	5
45304	6677	8.06101322	1487883600	1487887200	5
45306	6679	8.70440197	1487883600	1487887200	5
45307	6680	6.00978804	1487883600	1487887200	5
45308	6681	3.95618224	1487883600	1487887200	5
45309	6682	4.79684019	1487883600	1487887200	5
45310	6683	3.71843171	1487883600	1487887200	5
45312	6685	3.84022141	1487883600	1487887200	5
45313	6686	7.39301109	1487883600	1487887200	5
45314	6687	3.93061829	1487883600	1487887200	5
45315	6688	6.36322021	1487883600	1487887200	5
45316	6689	9.38731766	1487883600	1487887200	5
45318	6691	5.34159946	1487883600	1487887200	5
45319	6692	5.54241705	1487883600	1487887200	5
45320	6693	5.47835827	1487883600	1487887200	5
45321	6694	6.77190876	1487883600	1487887200	5
45216	6695	7.04133034	1487880000	1487883600	5
45221	6700	2.75337982	1487880000	1487883600	5
45222	6701	4.10641813	1487880000	1487883600	5
45229	6708	0.378278017	1487880000	1487883600	5
45235	6714	0.662670255	1487880000	1487883600	5
45241	6720	4.35807753	1487880000	1487883600	5
45248	6727	1.11841702	1487880000	1487883600	5
45254	6733	1.1576525	1487880000	1487883600	5
45260	6739	1.5067606	1487880000	1487883600	5
45267	6747	2.2587285	1487880000	1487883600	5
45273	6753	3.52064443	1487880000	1487883600	5
45279	6760	1.12098432	1487880000	1487883600	5
45286	6767	3.93866515	1487880000	1487883600	5
45292	6777	1.13378537	1487880000	1487883600	5
45298	6671	7.82956123	1487883600	1487887200	5
45305	6678	7.42143154	1487883600	1487887200	5
45311	6684	8.68714428	1487883600	1487887200	5
45324	6697	4.62026739	1487883600	1487887200	5
45325	6698	5.38489628	1487883600	1487887200	5
45326	6699	3.44357777	1487883600	1487887200	5
45327	6700	5.06189871	1487883600	1487887200	5
45328	6701	4.05773211	1487883600	1487887200	5
45329	6702	8.53191185	1487883600	1487887200	5
45331	6704	9.67230988	1487883600	1487887200	5
45332	6705	7.85239172	1487883600	1487887200	5
45333	6706	4.10265636	1487883600	1487887200	5
45334	6707	4.08611727	1487883600	1487887200	5
45335	6708	3.59986877	1487883600	1487887200	5
45337	6710	8.69773006	1487883600	1487887200	5
45338	6711	9.60176849	1487883600	1487887200	5
45339	6712	4.12756348	1487883600	1487887200	5
45340	6713	8.23098564	1487883600	1487887200	5
45341	6714	3.58640528	1487883600	1487887200	5
45343	6716	4.03684378	1487883600	1487887200	5
45344	6717	2.78938031	1487883600	1487887200	5
45345	6718	6.45924139	1487883600	1487887200	5
45346	6719	6.51491785	1487883600	1487887200	5
45347	6720	8.63892651	1487883600	1487887200	5
45348	6721	9.3974371	1487883600	1487887200	5
45350	6723	4.03300476	1487883600	1487887200	5
45351	6724	3.55322361	1487883600	1487887200	5
45352	6725	4.82898808	1487883600	1487887200	5
45353	6726	4.34341764	1487883600	1487887200	5
45354	6727	6.05048037	1487883600	1487887200	5
45356	6729	7.82113552	1487883600	1487887200	5
45357	6730	0.154548436	1487883600	1487887200	5
45358	6731	5.64536524	1487883600	1487887200	5
45359	6732	2.81943631	1487883600	1487887200	5
45360	6733	3.18982625	1487883600	1487887200	5
45362	6735	3.28890395	1487883600	1487887200	5
45363	6736	2.52583647	1487883600	1487887200	5
45364	6737	3.94022584	1487883600	1487887200	5
45365	6738	2.87885976	1487883600	1487887200	5
45366	6739	2.70396757	1487883600	1487887200	5
45367	6740	4.52859354	1487883600	1487887200	5
45369	6742	3.81363034	1487883600	1487887200	5
45370	6743	4.70147371	1487883600	1487887200	5
45371	6744	2.46123505	1487883600	1487887200	5
45372	6745	5.70012856	1487883600	1487887200	5
45373	6746	0.776541114	1487883600	1487887200	5
45375	6748	5.16150475	1487883600	1487887200	5
45376	6749	2.92296553	1487883600	1487887200	5
45377	6750	2.82985735	1487883600	1487887200	5
45378	6751	3.43372369	1487883600	1487887200	5
45379	6752	2.41731596	1487883600	1487887200	5
45381	6755	1.52336609	1487883600	1487887200	5
45382	6756	2.07322264	1487883600	1487887200	5
45383	6757	0.445715189	1487883600	1487887200	5
45384	6758	5.33748007	1487883600	1487887200	5
45385	6759	6.51511145	1487883600	1487887200	5
45386	6760	4.81822252	1487883600	1487887200	5
45389	6763	0.204574287	1487883600	1487887200	5
45390	6764	0.595158815	1487883600	1487887200	5
45391	6765	1.19291723	1487883600	1487887200	5
45392	6766	2.0043869	1487883600	1487887200	5
45393	6767	0.417640656	1487883600	1487887200	5
45395	6769	3.18033266	1487883600	1487887200	5
45396	6773	0.888740599	1487883600	1487887200	5
45397	6774	1.5262742	1487883600	1487887200	5
45398	6776	1.7775104	1487883600	1487887200	5
45399	6777	2.12483335	1487883600	1487887200	5
45401	6667	5.67466259	1487887200	1487890800	5
45402	6668	4.4415307	1487887200	1487890800	5
45403	6669	7.40835571	1487887200	1487890800	5
45404	6670	5.98156166	1487887200	1487890800	5
45405	6671	2.33425331	1487887200	1487890800	5
45406	6672	7.68935776	1487887200	1487890800	5
45408	6674	8.57805729	1487887200	1487890800	5
45409	6675	5.58765888	1487887200	1487890800	5
45410	6676	1.61071873	1487887200	1487890800	5
45411	6677	3.4796083	1487887200	1487890800	5
45412	6678	7.51700211	1487887200	1487890800	5
45414	6680	5.63414907	1487887200	1487890800	5
45415	6681	7.59970045	1487887200	1487890800	5
45416	6682	7.47624254	1487887200	1487890800	5
45417	6683	6.38585234	1487887200	1487890800	5
45418	6684	6.86653471	1487887200	1487890800	5
45420	6686	6.8667264	1487887200	1487890800	5
45421	6687	6.41664839	1487887200	1487890800	5
45422	6688	5.34018517	1487887200	1487890800	5
45388	6762	0.00358790788	1487883600	1487894400	5
45317	6690	7.30811596	1487883600	1487887200	5
45322	6695	6.8088932	1487883600	1487887200	5
45323	6696	8.55282784	1487883600	1487887200	5
45330	6703	7.32678032	1487883600	1487887200	5
45336	6709	4.46429014	1487883600	1487887200	5
45342	6715	3.53093672	1487883600	1487887200	5
45349	6722	0.972747982	1487883600	1487887200	5
45355	6728	6.61798477	1487883600	1487887200	5
45361	6734	3.73309016	1487883600	1487887200	5
45368	6741	3.05067325	1487883600	1487887200	5
45374	6747	0.43369025	1487883600	1487887200	5
45380	6753	3.28999662	1487883600	1487887200	5
45387	6761	5.12965536	1487883600	1487887200	5
45394	6768	1.10006607	1487883600	1487887200	5
45400	6666	8.19590473	1487887200	1487890800	5
45407	6673	7.30147934	1487887200	1487890800	5
45413	6679	4.4801774	1487887200	1487890800	5
45425	6691	4.68678522	1487887200	1487890800	5
45426	6692	5.64593601	1487887200	1487890800	5
45427	6693	1.38947749	1487887200	1487890800	5
45428	6694	3.69972062	1487887200	1487890800	5
45429	6695	8.21244431	1487887200	1487890800	5
45430	6696	4.75984383	1487887200	1487890800	5
45432	6698	1.3216449	1487887200	1487890800	5
45433	6699	5.1495223	1487887200	1487890800	5
45434	6700	3.0205183	1487887200	1487890800	5
45435	6701	5.02919197	1487887200	1487890800	5
45436	6702	7.55234814	1487887200	1487890800	5
45438	6704	2.00425506	1487887200	1487890800	5
45439	6705	8.23582554	1487887200	1487890800	5
45440	6706	2.28386378	1487887200	1487890800	5
45441	6707	5.00190687	1487887200	1487890800	5
45442	6708	0.502094448	1487887200	1487890800	5
45444	6710	4.14785814	1487887200	1487890800	5
45445	6711	9.65522575	1487887200	1487890800	5
45446	6712	8.47241116	1487887200	1487890800	5
45447	6713	5.81035089	1487887200	1487890800	5
45448	6714	2.39146399	1487887200	1487890800	5
45449	6715	3.38622761	1487887200	1487890800	5
45451	6717	3.92642522	1487887200	1487890800	5
45452	6718	5.98374891	1487887200	1487890800	5
45453	6719	6.68543768	1487887200	1487890800	5
45454	6720	8.39734268	1487887200	1487890800	5
45455	6721	7.07834244	1487887200	1487890800	5
45457	6723	4.56232452	1487887200	1487890800	5
45458	6724	2.78606987	1487887200	1487890800	5
45459	6725	3.16276336	1487887200	1487890800	5
45460	6726	4.68337107	1487887200	1487890800	5
45461	6727	6.04799318	1487887200	1487890800	5
45463	6729	6.94380093	1487887200	1487890800	5
45464	6730	1.63730156	1487887200	1487890800	5
45465	6731	0.837928593	1487887200	1487890800	5
45466	6732	4.1845026	1487887200	1487890800	5
45467	6733	0.39453575	1487887200	1487890800	5
45468	6734	4.34452534	1487887200	1487890800	5
45470	6736	2.69507742	1487887200	1487890800	5
45471	6737	5.79093695	1487887200	1487890800	5
45472	6738	1.77291739	1487887200	1487890800	5
45473	6739	1.57499623	1487887200	1487890800	5
45474	6740	2.76377177	1487887200	1487890800	5
45476	6742	0.297536582	1487887200	1487890800	5
45477	6743	1.98385465	1487887200	1487890800	5
45479	6745	0.976020157	1487887200	1487890800	5
45480	6746	1.38860774	1487887200	1487890800	5
45481	6747	3.04415178	1487887200	1487890800	5
45483	6749	5.00933981	1487887200	1487890800	5
45484	6750	4.73507786	1487887200	1487890800	5
45485	6751	5.05666304	1487887200	1487890800	5
45486	6752	2.70424151	1487887200	1487890800	5
45487	6753	4.81138945	1487887200	1487890800	5
45488	6755	0.931843281	1487887200	1487890800	5
45490	6757	3.25010467	1487887200	1487890800	5
45491	6758	1.99886549	1487887200	1487890800	5
45492	6759	2.63058209	1487887200	1487890800	5
45493	6760	1.05280674	1487887200	1487890800	5
45494	6761	2.49360394	1487887200	1487890800	5
45496	6764	1.04160643	1487887200	1487890800	5
45497	6765	1.63098586	1487887200	1487890800	5
45498	6766	2.28182054	1487887200	1487890800	5
45499	6767	4.8006196	1487887200	1487890800	5
45500	6768	4.00210094	1487887200	1487890800	5
45502	6773	0.458594561	1487887200	1487890800	5
45503	6774	0.239056543	1487887200	1487890800	5
45504	6776	1.29727018	1487887200	1487890800	5
45505	6777	1.18870783	1487887200	1487890800	5
45506	6666	3.82820678	1487890800	1487894400	5
45507	6667	4.94632339	1487890800	1487894400	5
45509	6669	4.97512817	1487890800	1487894400	5
45510	6670	6.07713223	1487890800	1487894400	5
45511	6671	6.89655209	1487890800	1487894400	5
45512	6672	5.14149618	1487890800	1487894400	5
45513	6673	7.12881136	1487890800	1487894400	5
45515	6675	5.0846777	1487890800	1487894400	5
45516	6676	3.85151744	1487890800	1487894400	5
45517	6677	6.07312727	1487890800	1487894400	5
45518	6678	4.99052954	1487890800	1487894400	5
45519	6679	7.63371897	1487890800	1487894400	5
45521	6681	7.22486401	1487890800	1487894400	5
45522	6682	5.86495924	1487890800	1487894400	5
45523	6683	1.6715672	1487890800	1487894400	5
45478	6744	0.271440953	1487887200	1487894400	5
45419	6685	6.4626832	1487887200	1487890800	5
45423	6689	9.18377113	1487887200	1487890800	5
45424	6690	5.86098146	1487887200	1487890800	5
45431	6697	7.93746948	1487887200	1487890800	5
45437	6703	7.95186806	1487887200	1487890800	5
45443	6709	5.01479101	1487887200	1487890800	5
45450	6716	1.18363881	1487887200	1487890800	5
45456	6722	3.76440716	1487887200	1487890800	5
45462	6728	5.2314043	1487887200	1487890800	5
45469	6735	4.56993484	1487887200	1487890800	5
45475	6741	2.21430588	1487887200	1487890800	5
45482	6748	2.56170225	1487887200	1487890800	5
45489	6756	1.37713015	1487887200	1487890800	5
45495	6763	0.284515828	1487887200	1487890800	5
45501	6769	2.4903841	1487887200	1487890800	5
45508	6668	3.88344359	1487890800	1487894400	5
45514	6674	7.64447021	1487890800	1487894400	5
45526	6686	6.13487101	1487890800	1487894400	5
45527	6687	5.93984509	1487890800	1487894400	5
45528	6688	5.32200956	1487890800	1487894400	5
45529	6689	2.6971643	1487890800	1487894400	5
45530	6690	6.1789794	1487890800	1487894400	5
45531	6691	4.51632738	1487890800	1487894400	5
45533	6693	3.8123014	1487890800	1487894400	5
45534	6694	5.81770325	1487890800	1487894400	5
45535	6695	3.5264318	1487890800	1487894400	5
45536	6696	6.91166401	1487890800	1487894400	5
45537	6697	7.80229282	1487890800	1487894400	5
45539	6699	3.13942814	1487890800	1487894400	5
45540	6700	3.52962852	1487890800	1487894400	5
45541	6701	1.84833515	1487890800	1487894400	5
45542	6702	7.28646755	1487890800	1487894400	5
45543	6703	7.89410734	1487890800	1487894400	5
45545	6705	2.00730658	1487890800	1487894400	5
45546	6706	2.20193791	1487890800	1487894400	5
45547	6707	0.840017617	1487890800	1487894400	5
45548	6708	2.27284575	1487890800	1487894400	5
45549	6709	1.36432087	1487890800	1487894400	5
45550	6710	8.52995491	1487890800	1487894400	5
45552	6712	8.96231079	1487890800	1487894400	5
45553	6713	7.11206722	1487890800	1487894400	5
45554	6714	3.20311093	1487890800	1487894400	5
45555	6715	1.81742346	1487890800	1487894400	5
45556	6716	2.63499069	1487890800	1487894400	5
45558	6718	7.00526905	1487890800	1487894400	5
45559	6719	6.88722181	1487890800	1487894400	5
45560	6720	5.45933056	1487890800	1487894400	5
45561	6721	7.80922842	1487890800	1487894400	5
45562	6722	3.07446837	1487890800	1487894400	5
45564	6724	1.31830657	1487890800	1487894400	5
45565	6725	4.14776134	1487890800	1487894400	5
45566	6726	4.18772125	1487890800	1487894400	5
45567	6727	1.0181576	1487890800	1487894400	5
45568	6728	5.80670881	1487890800	1487894400	5
45569	6729	6.70221663	1487890800	1487894400	5
45571	6731	4.22030497	1487890800	1487894400	5
45572	6732	1.07896864	1487890800	1487894400	5
45573	6733	2.33831787	1487890800	1487894400	5
45574	6734	2.21683645	1487890800	1487894400	5
45575	6735	2.9725225	1487890800	1487894400	5
45577	6737	2.36580205	1487890800	1487894400	5
45578	6738	0.406228215	1487890800	1487894400	5
45579	6739	0.519605935	1487890800	1487894400	5
45580	6740	3.03986669	1487890800	1487894400	5
45581	6741	0.952920198	1487890800	1487894400	5
45583	6743	4.02968502	1487890800	1487894400	5
45584	6745	3.58020854	1487890800	1487894400	5
45585	6746	1.08446276	1487890800	1487894400	5
45586	6747	0.713313699	1487890800	1487894400	5
45587	6748	3.50165677	1487890800	1487894400	5
45588	6749	1.40523732	1487890800	1487894400	5
45590	6751	1.95780981	1487890800	1487894400	5
45591	6752	0.0717027634	1487890800	1487894400	5
45592	6753	1.26706958	1487890800	1487894400	5
45593	6755	2.06186771	1487890800	1487894400	5
45594	6756	2.48831749	1487890800	1487894400	5
45596	6758	4.19546747	1487890800	1487894400	5
45597	6759	4.69621229	1487890800	1487894400	5
45598	6760	3.11462736	1487890800	1487894400	5
45599	6761	3.08100867	1487890800	1487894400	5
45600	6763	0.33022061	1487890800	1487894400	5
45602	6765	1.50364125	1487890800	1487894400	5
45603	6766	2.03222871	1487890800	1487894400	5
45604	6767	0.540776968	1487890800	1487894400	5
45605	6768	1.16385376	1487890800	1487894400	5
45606	6769	1.86216569	1487890800	1487894400	5
45607	6773	0.310768694	1487890800	1487894400	5
45609	6776	2.12200952	1487890800	1487894400	5
45610	6777	2.31300759	1487890800	1487894400	5
45611	6666	9.55883598	1487894400	1487898000	5
45612	6667	6.29995251	1487894400	1487898000	5
45613	6668	6.15402174	1487894400	1487898000	5
45615	6670	7.17544794	1487894400	1487898000	5
45616	6671	7.15886354	1487894400	1487898000	5
45617	6672	8.75189781	1487894400	1487898000	5
45618	6673	4.73323584	1487894400	1487898000	5
45619	6674	8.32992172	1487894400	1487898000	5
45621	6676	5.13076591	1487894400	1487898000	5
45622	6677	8.28745079	1487894400	1487898000	5
45623	6678	9.11678219	1487894400	1487898000	5
45624	6679	9.81468105	1487894400	1487898000	5
45520	6680	5.34404802	1487890800	1487894400	5
47313	6683	0.665641308	1488027600	1488031200	5
45524	6684	7.6775012	1487890800	1487894400	5
45525	6685	1.75189686	1487890800	1487894400	5
45532	6692	4.15571928	1487890800	1487894400	5
45538	6698	3.81568384	1487890800	1487894400	5
45544	6704	8.24342346	1487890800	1487894400	5
45551	6711	3.09986567	1487890800	1487894400	5
45557	6717	1.81023848	1487890800	1487894400	5
45563	6723	0.695425987	1487890800	1487894400	5
45570	6730	1.68559515	1487890800	1487894400	5
45576	6736	1.70330489	1487890800	1487894400	5
45582	6742	2.34937525	1487890800	1487894400	5
45589	6750	0.691638589	1487890800	1487894400	5
45595	6757	1.28324401	1487890800	1487894400	5
45706	6762	0.016502222	1487894400	\N	5
45601	6764	1.04232812	1487890800	1487894400	5
45608	6774	1.25779104	1487890800	1487894400	5
45614	6669	8.9191494	1487894400	1487898000	5
45627	6682	8.62699318	1487894400	1487898000	5
45628	6683	7.53660345	1487894400	1487898000	5
45629	6684	3.41489959	1487894400	1487898000	5
45630	6685	7.37801743	1487894400	1487898000	5
45631	6686	7.89659691	1487894400	1487898000	5
45632	6687	8.59475899	1487894400	1487898000	5
45634	6689	10.3151035	1487894400	1487898000	5
45635	6690	7.68166447	1487894400	1487898000	5
45636	6691	4.63275671	1487894400	1487898000	5
45637	6692	5.76110077	1487894400	1487898000	5
45638	6693	6.0407443	1487894400	1487898000	5
45640	6695	9.55603504	1487894400	1487898000	5
45641	6696	8.20947456	1487894400	1487898000	5
45642	6697	7.545856	1487894400	1487898000	5
45643	6698	4.1509223	1487894400	1487898000	5
45644	6699	7.06417847	1487894400	1487898000	5
45646	6701	6.9062891	1487894400	1487898000	5
45647	6702	10.4145136	1487894400	1487898000	5
45648	6703	10.3584223	1487894400	1487898000	5
45649	6704	8.89414883	1487894400	1487898000	5
45650	6705	9.38809967	1487894400	1487898000	5
45651	6706	3.97174573	1487894400	1487898000	5
45653	6708	2.96168971	1487894400	1487898000	5
45654	6709	6.49434662	1487894400	1487898000	5
45655	6710	4.65648127	1487894400	1487898000	5
45656	6711	10.2562246	1487894400	1487898000	5
45657	6712	4.65070057	1487894400	1487898000	5
45659	6714	2.47140336	1487894400	1487898000	5
45660	6715	5.0280962	1487894400	1487898000	5
45661	6716	3.21229267	1487894400	1487898000	5
45662	6717	6.66423512	1487894400	1487898000	5
45663	6718	5.87130308	1487894400	1487898000	5
45665	6720	9.71534443	1487894400	1487898000	5
45666	6721	9.97731113	1487894400	1487898000	5
45667	6722	2.18009853	1487894400	1487898000	5
45668	6723	5.95653057	1487894400	1487898000	5
45669	6724	4.70544291	1487894400	1487898000	5
45670	6725	5.20425224	1487894400	1487898000	5
45672	6727	7.55895758	1487894400	1487898000	5
45673	6728	4.2260232	1487894400	1487898000	5
45674	6729	5.10434723	1487894400	1487898000	5
45675	6730	0.61271888	1487894400	1487898000	5
45676	6731	3.27791643	1487894400	1487898000	5
45678	6733	3.69583225	1487894400	1487898000	5
45679	6734	4.80016804	1487894400	1487898000	5
45680	6735	6.18615389	1487894400	1487898000	5
45681	6736	4.00145149	1487894400	1487898000	5
45682	6737	7.20408869	1487894400	1487898000	5
45684	6739	3.66169143	1487894400	1487898000	5
45685	6740	3.86538911	1487894400	1487898000	5
45686	6741	3.88762546	1487894400	1487898000	5
45687	6742	3.93062878	1487894400	1487898000	5
45688	6743	2.95929217	1487894400	1487898000	5
45689	6744	2.58623505	1487894400	1487898000	5
45691	6746	0.409840524	1487894400	1487898000	5
45692	6747	1.2245332	1487894400	1487898000	5
45693	6748	3.81581879	1487894400	1487898000	5
45694	6749	5.11735535	1487894400	1487898000	5
45695	6750	4.9328351	1487894400	1487898000	5
45697	6752	3.8817625	1487894400	1487898000	5
45698	6753	5.01875353	1487894400	1487898000	5
45699	6755	0.870059371	1487894400	1487898000	5
45700	6756	0.719686568	1487894400	1487898000	5
45701	6757	1.91687274	1487894400	1487898000	5
45703	6759	4.26172876	1487894400	1487898000	5
45704	6760	3.18993306	1487894400	1487898000	5
45705	6761	3.92667389	1487894400	1487898000	5
45707	6763	0.553823471	1487894400	1487898000	5
45708	6764	1.64737153	1487894400	1487898000	5
45709	6765	1.18251169	1487894400	1487898000	5
45711	6767	3.27037787	1487894400	1487898000	5
45712	6768	2.84977674	1487894400	1487898000	5
45713	6769	5.52826834	1487894400	1487898000	5
45714	6773	0.551391363	1487894400	1487898000	5
45715	6774	0.502833724	1487894400	1487898000	5
45717	6777	0.456349432	1487894400	1487898000	5
45718	6666	7.53980207	1487898000	1487901600	5
45719	6667	6.61005306	1487898000	1487901600	5
45720	6668	4.64017725	1487898000	1487901600	5
45721	6669	6.12529802	1487898000	1487901600	5
45723	6671	8.1967268	1487898000	1487901600	5
45724	6672	8.57922935	1487898000	1487901600	5
45725	6673	8.19135094	1487898000	1487901600	5
47385	6683	0.158401027	1488031200	\N	5
45620	6675	5.65420437	1487894400	1487898000	5
45625	6680	5.90954685	1487894400	1487898000	5
45626	6681	9.77719593	1487894400	1487898000	5
45633	6688	7.57029629	1487894400	1487898000	5
45639	6694	3.79572415	1487894400	1487898000	5
45645	6700	4.93665266	1487894400	1487898000	5
45652	6707	6.34571648	1487894400	1487898000	5
45658	6713	6.89124155	1487894400	1487898000	5
45664	6719	9.82816219	1487894400	1487898000	5
45671	6726	6.01926327	1487894400	1487898000	5
45677	6732	5.38832378	1487894400	1487898000	5
45683	6738	3.35590124	1487894400	1487898000	5
45690	6745	3.38650179	1487894400	1487898000	5
45696	6751	5.06763887	1487894400	1487898000	5
45702	6758	3.97514272	1487894400	1487898000	5
45710	6766	1.53707504	1487894400	1487898000	5
45716	6776	0.651036561	1487894400	1487898000	5
45728	6676	5.78002262	1487898000	1487901600	5
45729	6677	7.75965023	1487898000	1487901600	5
45730	6678	1.85097206	1487898000	1487901600	5
45731	6679	8.75686932	1487898000	1487901600	5
45732	6680	6.38744545	1487898000	1487901600	5
45733	6681	3.62785292	1487898000	1487901600	5
45735	6683	3.65735245	1487898000	1487901600	5
45736	6684	8.08638191	1487898000	1487901600	5
45737	6685	5.91217709	1487898000	1487901600	5
45738	6686	7.20150995	1487898000	1487901600	5
45739	6687	8.05072117	1487898000	1487901600	5
45741	6689	10.1424351	1487898000	1487901600	5
45742	6690	7.32973051	1487898000	1487901600	5
45743	6691	5.6670785	1487898000	1487901600	5
45744	6692	6.00144768	1487898000	1487901600	5
45745	6693	3.65984225	1487898000	1487901600	5
45747	6695	9.41411877	1487898000	1487901600	5
45748	6696	9.08977509	1487898000	1487901600	5
45749	6697	9.74219799	1487898000	1487901600	5
45750	6698	5.80476427	1487898000	1487901600	5
45751	6699	3.70274234	1487898000	1487901600	5
45752	6700	5.44428492	1487898000	1487901600	5
45754	6702	1.13170314	1487898000	1487901600	5
45755	6703	4.78190374	1487898000	1487901600	5
45756	6704	9.54718018	1487898000	1487901600	5
45757	6705	2.20044279	1487898000	1487901600	5
45758	6706	3.33701634	1487898000	1487901600	5
45760	6708	4.48182344	1487898000	1487901600	5
45761	6709	5.32949781	1487898000	1487901600	5
45762	6710	9.13095379	1487898000	1487901600	5
45763	6711	9.03724575	1487898000	1487901600	5
45764	6712	9.54882908	1487898000	1487901600	5
45766	6714	4.58191442	1487898000	1487901600	5
45767	6715	2.64282393	1487898000	1487901600	5
45768	6716	5.15852547	1487898000	1487901600	5
45769	6717	0.907781482	1487898000	1487901600	5
45770	6718	7.60626841	1487898000	1487901600	5
45771	6719	2.54222751	1487898000	1487901600	5
45773	6721	7.64400434	1487898000	1487901600	5
45774	6722	4.28320885	1487898000	1487901600	5
45775	6723	0.775716245	1487898000	1487901600	5
45776	6724	3.53338051	1487898000	1487901600	5
45777	6725	6.74973011	1487898000	1487901600	5
45779	6727	4.59640455	1487898000	1487901600	5
45780	6728	6.95627499	1487898000	1487901600	5
45781	6729	7.8517828	1487898000	1487901600	5
45782	6730	1.6298244	1487898000	1487901600	5
45783	6731	4.67156172	1487898000	1487901600	5
45785	6733	3.13168836	1487898000	1487901600	5
45786	6734	5.23268747	1487898000	1487901600	5
45787	6735	3.43994665	1487898000	1487901600	5
45788	6736	2.79700017	1487898000	1487901600	5
45789	6737	2.36953259	1487898000	1487901600	5
45790	6738	1.5279299	1487898000	1487901600	5
45792	6740	5.47391891	1487898000	1487901600	5
45793	6741	2.57193685	1487898000	1487901600	5
45794	6742	2.08539653	1487898000	1487901600	5
45795	6743	4.32551193	1487898000	1487901600	5
45797	6745	6.10164833	1487898000	1487901600	5
45799	6747	3.25715113	1487898000	1487901600	5
45800	6748	4.08808422	1487898000	1487901600	5
45801	6749	2.49296331	1487898000	1487901600	5
45802	6750	2.13041306	1487898000	1487901600	5
45803	6751	3.83295536	1487898000	1487901600	5
45805	6753	3.06794667	1487898000	1487901600	5
45806	6755	0.744424701	1487898000	1487901600	5
45807	6756	2.30189681	1487898000	1487901600	5
45808	6757	2.65363646	1487898000	1487901600	5
45809	6758	3.96428084	1487898000	1487901600	5
45810	6759	3.93398881	1487898000	1487901600	5
45812	6761	5.05658722	1487898000	1487901600	5
45813	6763	0.335035414	1487898000	1487901600	5
45814	6764	0.377608836	1487898000	1487901600	5
45815	6765	1.31601524	1487898000	1487901600	5
45816	6766	2.50818801	1487898000	1487901600	5
45818	6768	4.65819216	1487898000	1487901600	5
45819	6769	0.12742506	1487898000	1487901600	5
45820	6773	0.265804321	1487898000	1487901600	5
45821	6774	1.17165506	1487898000	1487901600	5
45822	6776	1.95202971	1487898000	1487901600	5
45824	6666	8.12134933	1487901600	1487905200	5
45825	6667	4.90724325	1487901600	1487905200	5
45826	6668	4.9607358	1487901600	1487905200	5
45796	6744	0.292274296	1487898000	1487959200	5
47386	6684	0.677509546	1488031200	\N	5
45722	6670	7.03542519	1487898000	1487901600	5
45726	6674	9.80845451	1487898000	1487901600	5
45727	6675	6.44760895	1487898000	1487901600	5
45734	6682	8.18046284	1487898000	1487901600	5
45740	6688	7.10363865	1487898000	1487901600	5
45746	6694	7.5456624	1487898000	1487901600	5
45753	6701	5.53636599	1487898000	1487901600	5
45759	6707	1.42606533	1487898000	1487901600	5
45765	6713	7.78762531	1487898000	1487901600	5
45772	6720	8.32871723	1487898000	1487901600	5
45778	6726	7.1129775	1487898000	1487901600	5
45784	6732	4.72543955	1487898000	1487901600	5
45791	6739	0.838310719	1487898000	1487901600	5
45798	6746	1.48304379	1487898000	1487901600	5
45804	6752	0.653755307	1487898000	1487901600	5
45811	6760	4.34509325	1487898000	1487901600	5
45817	6767	2.6853981	1487898000	1487901600	5
45829	6671	7.19152784	1487901600	1487905200	5
45830	6672	2.51479268	1487901600	1487905200	5
45831	6673	6.49670458	1487901600	1487905200	5
45832	6674	4.23639393	1487901600	1487905200	5
45833	6675	4.83257723	1487901600	1487905200	5
45834	6676	2.79739761	1487901600	1487905200	5
45836	6678	7.93901682	1487901600	1487905200	5
45837	6679	8.8176403	1487901600	1487905200	5
45838	6680	6.12302589	1487901600	1487905200	5
45839	6681	8.07661629	1487901600	1487905200	5
45840	6682	7.97830009	1487901600	1487905200	5
45842	6684	7.22272301	1487901600	1487905200	5
45843	6685	5.97701025	1487901600	1487905200	5
45844	6686	7.05197144	1487901600	1487905200	5
45845	6687	7.54314756	1487901600	1487905200	5
45846	6688	6.95622253	1487901600	1487905200	5
45848	6690	6.88319969	1487901600	1487905200	5
45849	6691	5.67153597	1487901600	1487905200	5
45850	6692	3.60047412	1487901600	1487905200	5
45851	6693	4.14708471	1487901600	1487905200	5
45852	6694	3.15217948	1487901600	1487905200	5
45853	6695	6.28184319	1487901600	1487905200	5
45855	6697	8.28599072	1487901600	1487905200	5
45856	6698	1.58219826	1487901600	1487905200	5
45857	6699	5.48992968	1487901600	1487905200	5
45858	6700	1.61027241	1487901600	1487905200	5
45859	6701	6.3806715	1487901600	1487905200	5
45861	6703	9.09887505	1487901600	1487905200	5
45862	6704	7.47149563	1487901600	1487905200	5
45863	6705	8.71336651	1487901600	1487905200	5
45864	6706	2.91446805	1487901600	1487905200	5
45865	6707	5.609797	1487901600	1487905200	5
45867	6709	5.07432365	1487901600	1487905200	5
45868	6710	3.76667595	1487901600	1487905200	5
45869	6711	9.83206272	1487901600	1487905200	5
45870	6712	1.59488869	1487901600	1487905200	5
45871	6713	5.97005177	1487901600	1487905200	5
45872	6714	0.633086026	1487901600	1487905200	5
45874	6716	0.688001394	1487901600	1487905200	5
45875	6717	4.74967909	1487901600	1487905200	5
45876	6718	6.34461689	1487901600	1487905200	5
45877	6719	7.00072527	1487901600	1487905200	5
45878	6720	7.33473825	1487901600	1487905200	5
45880	6722	2.52490544	1487901600	1487905200	5
45881	6723	4.64903641	1487901600	1487905200	5
45882	6724	2.29330325	1487901600	1487905200	5
45883	6725	2.75218892	1487901600	1487905200	5
45884	6726	1.10081625	1487901600	1487905200	5
45886	6728	2.54648638	1487901600	1487905200	5
45887	6729	4.08563662	1487901600	1487905200	5
45888	6730	1.83527374	1487901600	1487905200	5
45889	6731	3.2151866	1487901600	1487905200	5
45890	6732	4.26853371	1487901600	1487905200	5
45892	6734	2.51942301	1487901600	1487905200	5
45894	6736	2.72572494	1487901600	1487905200	5
45895	6737	5.13203669	1487901600	1487905200	5
45896	6738	1.52860129	1487901600	1487905200	5
45897	6739	2.63427663	1487901600	1487905200	5
45898	6740	0.906609774	1487901600	1487905200	5
45900	6742	3.1592598	1487901600	1487905200	5
45901	6743	1.65903425	1487901600	1487905200	5
45902	6745	1.45967138	1487901600	1487905200	5
45903	6746	1.23989964	1487901600	1487905200	5
45904	6747	1.29716229	1487901600	1487905200	5
45906	6749	3.82579517	1487901600	1487905200	5
45907	6750	3.07873821	1487901600	1487905200	5
45908	6751	2.77629209	1487901600	1487905200	5
45909	6752	3.48940372	1487901600	1487905200	5
45910	6753	4.93673563	1487901600	1487905200	5
45911	6755	1.7132411	1487901600	1487905200	5
45913	6757	2.1668961	1487901600	1487905200	5
45914	6758	2.46523166	1487901600	1487905200	5
45915	6759	3.7447567	1487901600	1487905200	5
45916	6760	0.410458416	1487901600	1487905200	5
45917	6761	1.82689953	1487901600	1487905200	5
45919	6764	1.26702929	1487901600	1487905200	5
45920	6765	1.80443418	1487901600	1487905200	5
45921	6766	2.83861637	1487901600	1487905200	5
45922	6767	3.42590261	1487901600	1487905200	5
45923	6768	3.05295563	1487901600	1487905200	5
45925	6773	0.695984662	1487901600	1487905200	5
45926	6774	1.33993268	1487901600	1487905200	5
45927	6776	1.92090428	1487901600	1487905200	5
45891	6733	2.86930037	1487901600	1487908800	5
45823	6777	2.15448141	1487898000	1487901600	5
47387	6685	0.111389011	1488031200	\N	5
45827	6669	7.15244293	1487901600	1487905200	5
45828	6670	6.55782223	1487901600	1487905200	5
45835	6677	3.45273161	1487901600	1487905200	5
45841	6683	5.96235466	1487901600	1487905200	5
45847	6689	4.70712519	1487901600	1487905200	5
45854	6696	8.65956497	1487901600	1487905200	5
45860	6702	8.48814201	1487901600	1487905200	5
45866	6708	2.30776691	1487901600	1487905200	5
45873	6715	3.9268558	1487901600	1487905200	5
45879	6721	8.39568424	1487901600	1487905200	5
45885	6727	6.38628387	1487901600	1487905200	5
45893	6735	4.50961256	1487901600	1487905200	5
45899	6741	2.52844524	1487901600	1487905200	5
45905	6748	2.57526755	1487901600	1487905200	5
45912	6756	2.15658259	1487901600	1487905200	5
45918	6763	0.272582203	1487901600	1487905200	5
45924	6769	2.86901855	1487901600	1487905200	5
45930	6667	5.23256588	1487905200	1487908800	5
45931	6668	0.969317675	1487905200	1487908800	5
45932	6669	6.73483992	1487905200	1487908800	5
45933	6670	5.98217201	1487905200	1487908800	5
45934	6671	6.50272942	1487905200	1487908800	5
45936	6673	6.04335308	1487905200	1487908800	5
45937	6674	7.89942455	1487905200	1487908800	5
45938	6675	5.07012224	1487905200	1487908800	5
45939	6676	3.95267439	1487905200	1487908800	5
45940	6677	6.18364048	1487905200	1487908800	5
45942	6679	2.03064775	1487905200	1487908800	5
45943	6680	4.84706688	1487905200	1487908800	5
45944	6681	5.8821063	1487905200	1487908800	5
45945	6682	5.32050848	1487905200	1487908800	5
45946	6683	5.43642807	1487905200	1487908800	5
45947	6684	7.31400299	1487905200	1487908800	5
45949	6686	5.09125423	1487905200	1487908800	5
45950	6687	5.47403049	1487905200	1487908800	5
45951	6688	6.64058876	1487905200	1487908800	5
45952	6689	8.50185585	1487905200	1487908800	5
45953	6690	6.19069576	1487905200	1487908800	5
45955	6692	5.94304657	1487905200	1487908800	5
45956	6693	4.21885109	1487905200	1487908800	5
45957	6694	6.2242527	1487905200	1487908800	5
45958	6695	7.93140507	1487905200	1487908800	5
45959	6696	1.71571505	1487905200	1487908800	5
45961	6698	3.98536015	1487905200	1487908800	5
45962	6699	4.71402979	1487905200	1487908800	5
45963	6700	4.79579258	1487905200	1487908800	5
45964	6701	1.98690724	1487905200	1487908800	5
45965	6702	8.0228796	1487905200	1487908800	5
45966	6703	7.03826523	1487905200	1487908800	5
45968	6705	4.19289541	1487905200	1487908800	5
45969	6706	1.92328727	1487905200	1487908800	5
45970	6707	0.834602416	1487905200	1487908800	5
45971	6708	3.83333111	1487905200	1487908800	5
45972	6709	5.00146675	1487905200	1487908800	5
45974	6711	2.29486012	1487905200	1487908800	5
45975	6712	8.66849613	1487905200	1487908800	5
45976	6713	7.58553314	1487905200	1487908800	5
45978	6715	2.2109189	1487905200	1487908800	5
45979	6716	3.69940567	1487905200	1487908800	5
45981	6718	5.73124695	1487905200	1487908800	5
45982	6719	6.14242792	1487905200	1487908800	5
45983	6720	7.33691597	1487905200	1487908800	5
45984	6721	3.89440703	1487905200	1487908800	5
45985	6722	2.5648036	1487905200	1487908800	5
45986	6723	0.617800474	1487905200	1487908800	5
45988	6725	3.78806853	1487905200	1487908800	5
45989	6726	4.34554005	1487905200	1487908800	5
45990	6727	0.932939589	1487905200	1487908800	5
45991	6728	4.96719217	1487905200	1487908800	5
45992	6729	5.81740475	1487905200	1487908800	5
45994	6731	4.10886192	1487905200	1487908800	5
45995	6732	1.12486339	1487905200	1487908800	5
45996	6734	3.244174	1487905200	1487908800	5
45997	6735	2.74750638	1487905200	1487908800	5
45999	6737	1.56151235	1487905200	1487908800	5
46001	6739	0.815696418	1487905200	1487908800	5
46002	6740	3.43237567	1487905200	1487908800	5
46004	6742	1.57198739	1487905200	1487908800	5
46005	6743	3.04578996	1487905200	1487908800	5
46006	6745	4.00779819	1487905200	1487908800	5
46007	6746	1.31736422	1487905200	1487908800	5
46009	6748	2.53672123	1487905200	1487908800	5
46010	6749	1.51829576	1487905200	1487908800	5
46011	6750	1.37100554	1487905200	1487908800	5
46012	6751	2.92996025	1487905200	1487908800	5
46013	6752	0.333636433	1487905200	1487908800	5
46015	6755	0.833526909	1487905200	1487908800	5
46016	6756	1.45220268	1487905200	1487908800	5
46017	6757	2.53941751	1487905200	1487908800	5
46018	6758	4.1373291	1487905200	1487908800	5
46019	6759	2.55023217	1487905200	1487908800	5
46021	6761	3.89673162	1487905200	1487908800	5
46022	6763	0.547649801	1487905200	1487908800	5
46023	6764	1.66118622	1487905200	1487908800	5
46024	6765	1.54344463	1487905200	1487908800	5
46025	6766	1.40737057	1487905200	1487908800	5
46026	6767	1.16428089	1487905200	1487908800	5
45977	6714	2.95856142	1487905200	1487912400	5
45998	6736	1.26487255	1487905200	1487970000	5
46003	6741	0.784236848	1487905200	1487980800	5
47388	6687	0.254002899	1488031200	\N	5
45928	6777	1.06896329	1487901600	1487905200	5
45929	6666	4.52672815	1487905200	1487908800	5
45935	6672	7.11132479	1487905200	1487908800	5
45941	6678	3.82094097	1487905200	1487908800	5
45948	6685	5.66371346	1487905200	1487908800	5
45954	6691	1.41950321	1487905200	1487908800	5
45960	6697	6.74617338	1487905200	1487908800	5
45967	6704	8.63995743	1487905200	1487908800	5
45973	6710	8.13767242	1487905200	1487908800	5
45980	6717	0.584870219	1487905200	1487908800	5
45987	6724	2.54881835	1487905200	1487908800	5
45993	6730	0.564597189	1487905200	1487908800	5
46000	6738	1.67860365	1487905200	1487908800	5
46008	6747	1.09456682	1487905200	1487908800	5
46014	6753	1.56033981	1487905200	1487908800	5
46020	6760	3.06619048	1487905200	1487908800	5
46027	6768	1.79592097	1487905200	1487908800	5
46030	6774	1.61327505	1487905200	1487908800	5
46031	6776	1.45499849	1487905200	1487908800	5
46032	6777	2.35095119	1487905200	1487908800	5
46033	6666	6.60040712	1487908800	1487912400	5
46034	6667	3.21498442	1487908800	1487912400	5
46035	6668	3.51515555	1487908800	1487912400	5
46037	6670	5.3125248	1487908800	1487912400	5
46038	6671	6.5561533	1487908800	1487912400	5
46039	6672	3.23056793	1487908800	1487912400	5
46040	6673	6.55077791	1487908800	1487912400	5
46041	6674	7.15979671	1487908800	1487912400	5
46043	6676	0.566165388	1487908800	1487912400	5
46044	6677	5.54799032	1487908800	1487912400	5
46045	6678	5.9432621	1487908800	1487912400	5
46046	6679	7.0139451	1487908800	1487912400	5
46047	6680	4.3621664	1487908800	1487912400	5
46049	6682	6.06927061	1487908800	1487912400	5
46050	6683	5.17072773	1487908800	1487912400	5
46051	6684	6.05841255	1487908800	1487912400	5
46052	6685	5.12022448	1487908800	1487912400	5
46053	6686	5.48720646	1487908800	1487912400	5
46054	6687	5.65996361	1487908800	1487912400	5
46056	6689	5.21495295	1487908800	1487912400	5
46057	6690	5.74843884	1487908800	1487912400	5
46058	6691	4.37224722	1487908800	1487912400	5
46059	6692	0.761602759	1487908800	1487912400	5
46060	6693	3.32500362	1487908800	1487912400	5
46062	6695	7.19754744	1487908800	1487912400	5
46063	6696	7.1768508	1487908800	1487912400	5
46064	6697	7.56534958	1487908800	1487912400	5
46065	6698	0.855132759	1487908800	1487912400	5
46066	6699	4.65064621	1487908800	1487912400	5
46068	6701	5.35445786	1487908800	1487912400	5
46069	6702	5.65014124	1487908800	1487912400	5
46070	6703	7.02080107	1487908800	1487912400	5
46071	6704	6.87681866	1487908800	1487912400	5
46072	6705	5.76719284	1487908800	1487912400	5
46073	6706	1.51303363	1487908800	1487912400	5
46075	6708	0.740453482	1487908800	1487912400	5
46076	6709	4.72355747	1487908800	1487912400	5
46077	6710	1.83341098	1487908800	1487912400	5
46078	6711	8.62287331	1487908800	1487912400	5
46079	6712	1.41882205	1487908800	1487912400	5
46081	6715	2.84326148	1487908800	1487912400	5
46082	6716	1.23119664	1487908800	1487912400	5
46083	6717	3.54264045	1487908800	1487912400	5
46084	6718	3.85275316	1487908800	1487912400	5
46085	6719	5.85549641	1487908800	1487912400	5
46087	6721	8.19724464	1487908800	1487912400	5
46088	6722	1.92617488	1487908800	1487912400	5
46089	6723	3.27375793	1487908800	1487912400	5
46090	6724	1.50959289	1487908800	1487912400	5
46091	6725	2.76727486	1487908800	1487912400	5
46092	6726	1.35768521	1487908800	1487912400	5
46094	6728	2.39312077	1487908800	1487912400	5
46095	6729	4.08094835	1487908800	1487912400	5
46096	6730	0.418786824	1487908800	1487912400	5
46097	6731	0.393665791	1487908800	1487912400	5
46098	6732	2.50749373	1487908800	1487912400	5
46101	6735	2.38240027	1487908800	1487912400	5
46102	6737	3.90609646	1487908800	1487912400	5
46105	6740	0.888541162	1487908800	1487912400	5
46106	6742	0.699531198	1487908800	1487912400	5
46107	6743	1.64641845	1487908800	1487912400	5
46109	6746	0.539999962	1487908800	1487912400	5
46110	6747	1.89283311	1487908800	1487912400	5
46111	6748	1.22500634	1487908800	1487912400	5
46112	6749	2.18485665	1487908800	1487912400	5
46113	6750	1.96272898	1487908800	1487912400	5
46114	6751	1.71565497	1487908800	1487912400	5
46117	6755	1.15869391	1487908800	1487912400	5
46118	6756	1.83558559	1487908800	1487912400	5
46119	6757	1.40760517	1487908800	1487912400	5
46120	6758	0.95188427	1487908800	1487912400	5
46121	6759	2.75850892	1487908800	1487912400	5
46123	6761	0.885004461	1487908800	1487912400	5
46124	6763	0.592545509	1487908800	1487912400	5
46125	6764	0.573060751	1487908800	1487912400	5
46126	6765	1.61001551	1487908800	1487912400	5
46127	6766	2.55973959	1487908800	1487912400	5
46099	6733	1.0062362	1487908800	1487970000	5
46103	6738	0.692064404	1487908800	1487970000	5
46104	6739	0.825938046	1487908800	1487970000	5
46115	6752	1.3947587	1487908800	1487970000	5
46028	6769	0.54693687	1487905200	1487908800	5
47389	6689	1.40115643	1488031200	\N	5
46029	6773	1.21420038	1487905200	1487908800	5
46036	6669	3.58011031	1487908800	1487912400	5
46042	6675	1.76270926	1487908800	1487912400	5
46048	6681	6.98292112	1487908800	1487912400	5
46055	6688	0.417042762	1487908800	1487912400	5
46061	6694	1.17236149	1487908800	1487912400	5
46067	6700	2.4523437	1487908800	1487912400	5
46074	6707	4.46243811	1487908800	1487912400	5
46080	6713	3.81718516	1487908800	1487912400	5
46086	6720	5.5267477	1487908800	1487912400	5
46093	6727	4.08916378	1487908800	1487912400	5
46199	6730	0.554569781	1487912400	\N	5
46100	6734	0.489297956	1487908800	1487912400	5
46108	6745	0.772180974	1487908800	1487912400	5
46209	6746	0.306223661	1487912400	\N	5
46116	6753	3.16035342	1487908800	1487912400	5
46122	6760	0.179909512	1487908800	1487912400	5
46128	6767	3.1785233	1487908800	1487912400	5
46129	6768	3.17039108	1487908800	1487912400	5
46131	6773	0.599800169	1487908800	1487912400	5
46132	6774	0.185219035	1487908800	1487912400	5
46133	6776	0.856115878	1487908800	1487912400	5
46134	6777	0.46899727	1487908800	1487912400	5
46135	6666	4.7594223	1487912400	1487916000	5
46137	6668	1.01331675	1487912400	1487916000	5
46138	6669	5.42954254	1487912400	1487916000	5
46139	6670	4.81489849	1487912400	1487916000	5
46140	6671	2.92765236	1487912400	1487916000	5
46141	6672	5.21325779	1487912400	1487916000	5
46143	6674	6.85002518	1487912400	1487916000	5
46144	6675	3.48609328	1487912400	1487916000	5
46145	6676	3.04852486	1487912400	1487916000	5
46146	6677	4.87834311	1487912400	1487916000	5
46147	6678	5.62717438	1487912400	1487916000	5
46148	6679	5.14030981	1487912400	1487916000	5
46150	6681	4.62035513	1487912400	1487916000	5
46151	6682	6.09702158	1487912400	1487916000	5
46152	6683	2.31842184	1487912400	1487916000	5
46153	6684	6.46237659	1487912400	1487916000	5
46154	6685	2.10508966	1487912400	1487916000	5
46156	6687	5.13743448	1487912400	1487916000	5
46157	6688	4.56547308	1487912400	1487916000	5
46158	6689	7.39799643	1487912400	1487916000	5
46159	6690	4.52116013	1487912400	1487916000	5
46160	6691	0.562052965	1487912400	1487916000	5
46162	6693	1.46550059	1487912400	1487916000	5
46163	6694	4.43818283	1487912400	1487916000	5
46164	6695	3.16338968	1487912400	1487916000	5
46165	6696	1.28503656	1487912400	1487916000	5
46166	6697	3.11264443	1487912400	1487916000	5
46167	6698	2.79059935	1487912400	1487916000	5
46169	6700	3.03075218	1487912400	1487916000	5
46170	6701	0.784201086	1487912400	1487916000	5
46171	6702	6.38891029	1487912400	1487916000	5
46172	6703	7.66653156	1487912400	1487916000	5
46173	6704	6.73747206	1487912400	1487916000	5
46175	6706	1.17490447	1487912400	1487916000	5
46176	6707	0.732123792	1487912400	1487916000	5
46177	6708	1.64354432	1487912400	1487916000	5
46178	6709	1.12038779	1487912400	1487916000	5
46179	6710	7.00033092	1487912400	1487916000	5
46181	6712	6.38997507	1487912400	1487916000	5
46182	6713	5.27121496	1487912400	1487916000	5
46184	6715	0.356688142	1487912400	1487916000	5
46185	6716	2.32602978	1487912400	1487916000	5
46186	6717	1.11008596	1487912400	1487916000	5
46187	6718	4.39280748	1487912400	1487916000	5
46189	6720	7.19715023	1487912400	1487916000	5
46190	6721	4.03984404	1487912400	1487916000	5
46191	6722	1.60092044	1487912400	1487916000	5
46192	6723	0.734767616	1487912400	1487916000	5
46194	6725	1.59817302	1487912400	1487916000	5
46196	6727	0.626391768	1487912400	1487916000	5
46197	6728	3.68125176	1487912400	1487916000	5
46198	6729	4.57675982	1487912400	1487916000	5
46200	6731	2.27293968	1487912400	1487916000	5
46201	6732	1.18398285	1487912400	1487916000	5
46203	6735	1.40480435	1487912400	1487916000	5
46204	6737	0.570115149	1487912400	1487916000	5
46205	6740	1.33337903	1487912400	1487916000	5
46206	6742	0.369118571	1487912400	1487916000	5
46207	6743	0.664987206	1487912400	1487916000	5
46208	6745	1.91968131	1487912400	1487916000	5
46211	6748	1.41248095	1487912400	1487916000	5
46212	6749	0.134381041	1487912400	1487916000	5
46213	6750	0.672185123	1487912400	1487916000	5
46214	6751	1.04352033	1487912400	1487916000	5
46215	6753	0.590823293	1487912400	1487916000	5
46217	6756	0.402079821	1487912400	1487916000	5
46218	6757	1.45718014	1487912400	1487916000	5
46219	6758	3.2114346	1487912400	1487916000	5
46220	6759	2.1689055	1487912400	1487916000	5
46221	6760	1.88733518	1487912400	1487916000	5
46223	6763	0.115652815	1487912400	1487916000	5
46224	6764	1.4505167	1487912400	1487916000	5
46225	6765	0.327717334	1487912400	1487916000	5
46226	6766	1.21001947	1487912400	1487916000	5
46227	6767	0.913126588	1487912400	1487916000	5
46228	6768	0.506186903	1487912400	1487916000	5
46193	6724	1.56493366	1487912400	1487980800	5
46130	6769	1.70385218	1487908800	1487912400	5
46230	6773	0.116131447	1487912400	\N	5
46136	6667	3.52806306	1487912400	1487916000	5
47390	6690	0.78586787	1488031200	\N	5
46142	6673	2.07237005	1487912400	1487916000	5
46149	6680	4.25725603	1487912400	1487916000	5
46155	6686	4.66121387	1487912400	1487916000	5
46161	6692	3.64955091	1487912400	1487916000	5
46168	6699	3.21206832	1487912400	1487916000	5
46174	6705	5.13713598	1487912400	1487916000	5
46180	6711	2.69648337	1487912400	1487916000	5
46188	6719	4.33209848	1487912400	1487916000	5
46195	6726	3.00658035	1487912400	1487916000	5
46202	6734	1.23255908	1487912400	1487916000	5
46210	6747	0.29511252	1487912400	1487916000	5
46216	6755	0.50619328	1487912400	1487916000	5
46311	6755	0.0432228893	1487916000	\N	5
46312	6756	0.212162778	1487916000	\N	5
46222	6761	1.74930263	1487912400	1487916000	5
46318	6763	0.0113772955	1487916000	\N	5
46229	6769	0.0974740162	1487912400	1487916000	5
46231	6774	1.05378711	1487912400	1487916000	5
46232	6776	1.11901903	1487912400	1487916000	5
46233	6777	1.39407766	1487912400	1487916000	5
46234	6666	5.46674728	1487916000	1487919600	5
46235	6667	3.23329115	1487916000	1487919600	5
46236	6668	2.30613351	1487916000	1487919600	5
46237	6669	5.00453997	1487916000	1487919600	5
46239	6671	4.67308664	1487916000	1487919600	5
46240	6672	2.54310083	1487916000	1487919600	5
46241	6673	4.52510738	1487916000	1487919600	5
46242	6674	4.72842979	1487916000	1487919600	5
46243	6675	3.07084727	1487916000	1487919600	5
46245	6677	4.28504276	1487916000	1487919600	5
46246	6678	1.46250141	1487916000	1487919600	5
46247	6679	5.95630884	1487916000	1487919600	5
46248	6680	0.551578462	1487916000	1487919600	5
46249	6681	5.70224476	1487916000	1487919600	5
46251	6683	3.78861618	1487916000	1487919600	5
46252	6684	3.55869722	1487916000	1487919600	5
46253	6685	4.25291491	1487916000	1487919600	5
46254	6686	3.56205678	1487916000	1487919600	5
46255	6687	3.61799574	1487916000	1487919600	5
46256	6688	2.99869633	1487916000	1487919600	5
46258	6690	4.8147583	1487916000	1487919600	5
46259	6691	2.52456307	1487916000	1487919600	5
46260	6692	2.24249578	1487916000	1487919600	5
46261	6693	2.42298913	1487916000	1487919600	5
46262	6694	3.62243032	1487916000	1487919600	5
46264	6696	4.8971262	1487916000	1487919600	5
46265	6697	6.84009075	1487916000	1487919600	5
46266	6698	0.471879125	1487916000	1487919600	5
46267	6699	2.94290209	1487916000	1487919600	5
46268	6700	0.240987048	1487916000	1487919600	5
46270	6702	5.17792845	1487916000	1487919600	5
46271	6703	2.92790937	1487916000	1487919600	5
46272	6704	2.55157137	1487916000	1487919600	5
46273	6705	5.14738846	1487916000	1487919600	5
46275	6707	2.26262999	1487916000	1487919600	5
46277	6709	2.8867898	1487916000	1487919600	5
46279	6711	6.89555645	1487916000	1487919600	5
46280	6712	5.81695032	1487916000	1487919600	5
46281	6713	4.50858784	1487916000	1487919600	5
46283	6716	0.136502191	1487916000	1487919600	5
46284	6717	1.48912859	1487916000	1487919600	5
46286	6719	4.2557292	1487916000	1487919600	5
46287	6720	1.244596	1487916000	1487919600	5
46288	6721	6.19343233	1487916000	1487919600	5
46289	6722	0.795570731	1487916000	1487919600	5
46290	6723	2.1505487	1487916000	1487919600	5
46293	6727	2.29383469	1487916000	1487919600	5
46294	6728	2.30005407	1487916000	1487919600	5
46295	6729	3.36352134	1487916000	1487919600	5
46296	6731	0.83738476	1487916000	1487919600	5
46297	6732	1.32075202	1487916000	1487919600	5
46298	6734	0.241042182	1487916000	1487919600	5
46300	6737	2.12775254	1487916000	1487919600	5
46301	6740	0.731046796	1487916000	1487919600	5
46302	6742	0.122516856	1487916000	1487919600	5
46305	6747	0.281662405	1487916000	1487919600	5
46306	6748	0.567947626	1487916000	1487919600	5
46315	6759	2.0120728	1487916000	1487919600	5
46316	6760	0.00365725276	1487916000	1487919600	5
46317	6761	0.613081813	1487916000	1487919600	5
46319	6764	0.272928983	1487916000	1487919600	5
46321	6766	1.1469599	1487916000	1487919600	5
46323	6768	1.81213701	1487916000	1487919600	5
46325	6774	0.0598880276	1487916000	1487919600	5
46326	6776	0.0939789638	1487916000	1487919600	5
46327	6777	0.150039434	1487916000	1487919600	5
46328	6666	2.28640199	1487919600	1487923200	5
46329	6667	2.02198863	1487919600	1487923200	5
46276	6708	0.208006769	1487916000	1487959200	5
46308	6750	0.238848507	1487916000	1487959200	5
46274	6706	0.213461325	1487916000	1487970000	5
46282	6715	1.04271698	1487916000	1487970000	5
46303	6743	0.0599758476	1487916000	1487970000	5
46307	6749	0.374862164	1487916000	1487970000	5
46309	6751	0.772578776	1487916000	1487970000	5
46310	6753	0.660988152	1487916000	1487970000	5
46324	6769	0.866439462	1487916000	1487980800	5
46313	6757	0.309949964	1487916000	1487995200	5
46238	6670	3.63720965	1487916000	1487919600	5
46244	6676	0.93856132	1487916000	1487919600	5
46250	6682	1.51736498	1487916000	1487919600	5
46257	6689	3.11546969	1487916000	1487919600	5
47391	6695	1.16584802	1488031200	\N	5
46263	6695	5.87265396	1487916000	1487919600	5
46405	6776	0.380049735	1487919600	1488042000	5
46269	6701	2.98007083	1487916000	1487919600	5
46278	6710	1.56407559	1487916000	1487919600	5
46183	6714	1.69519174	1487912400	1487919600	5
46285	6718	2.25640488	1487916000	1487919600	5
46292	6726	1.00129366	1487916000	1487919600	5
46299	6735	1.59636283	1487916000	1487919600	5
46314	6758	0.178586319	1487916000	1487919600	5
46400	6764	0.00748630008	1487919600	\N	5
46322	6767	2.16491413	1487916000	1487919600	5
46330	6668	1.48656952	1487919600	1487923200	5
46331	6669	2.17885208	1487919600	1487923200	5
46332	6670	3.40373015	1487919600	1487923200	5
46333	6671	3.61337018	1487919600	1487923200	5
46334	6672	4.53288269	1487919600	1487923200	5
46335	6673	3.17935634	1487919600	1487923200	5
46336	6674	5.19504547	1487919600	1487923200	5
46337	6675	1.48893106	1487919600	1487923200	5
46338	6676	1.7447716	1487919600	1487923200	5
46339	6677	3.62149715	1487919600	1487923200	5
46340	6678	4.41537666	1487919600	1487923200	5
46341	6679	2.75663352	1487919600	1487923200	5
46342	6680	2.53252339	1487919600	1487923200	5
46343	6681	0.645138144	1487919600	1487923200	5
46344	6682	4.44876051	1487919600	1487923200	5
46345	6683	0.846884191	1487919600	1487923200	5
46346	6684	4.72839165	1487919600	1487923200	5
46347	6685	1.02413642	1487919600	1487923200	5
46348	6686	4.07640743	1487919600	1487923200	5
46349	6687	4.19234896	1487919600	1487923200	5
46350	6688	3.71926093	1487919600	1487923200	5
46351	6689	6.06748438	1487919600	1487923200	5
46352	6690	1.69359887	1487919600	1487923200	5
46353	6691	2.19701099	1487919600	1487923200	5
46354	6692	2.78622913	1487919600	1487923200	5
46355	6693	1.1111846	1487919600	1487923200	5
46357	6695	1.03795373	1487919600	1487923200	5
46358	6696	3.48519778	1487919600	1487923200	5
46359	6697	2.11844492	1487919600	1487923200	5
46360	6698	1.27164507	1487919600	1487923200	5
46361	6699	2.50465059	1487919600	1487923200	5
46363	6701	0.793921471	1487919600	1487923200	5
46364	6702	5.22955561	1487919600	1487923200	5
46365	6703	5.15559626	1487919600	1487923200	5
46366	6704	6.12067652	1487919600	1487923200	5
46367	6705	5.46791124	1487919600	1487923200	5
46368	6707	0.29216224	1487919600	1487923200	5
46370	6710	4.76745892	1487919600	1487923200	5
46371	6711	1.84650445	1487919600	1487923200	5
46372	6712	4.92772722	1487919600	1487923200	5
46373	6713	3.34940791	1487919600	1487923200	5
46376	6717	0.491719425	1487919600	1487923200	5
46378	6719	2.94878149	1487919600	1487923200	5
46379	6720	4.77914667	1487919600	1487923200	5
46380	6721	1.78133321	1487919600	1487923200	5
46381	6722	1.10226572	1487919600	1487923200	5
46382	6723	0.21307081	1487919600	1487923200	5
46384	6727	1.02687788	1487919600	1487923200	5
46385	6728	2.08239508	1487919600	1487923200	5
46386	6729	4.067904	1487919600	1487923200	5
46387	6731	1.25286794	1487919600	1487923200	5
46390	6735	0.178629398	1487919600	1487923200	5
46391	6737	0.0690686181	1487919600	1487923200	5
46395	6748	0.269619972	1487919600	1487923200	5
46396	6758	0.961911976	1487919600	1487923200	5
46397	6759	1.43936884	1487919600	1487923200	5
46401	6766	0.652649879	1487919600	1487923200	5
46402	6767	0.215793222	1487919600	1487923200	5
46406	6777	0.308056474	1487919600	1487923200	5
46407	6666	3.95263243	1487923200	1487926800	5
46408	6667	1.90256882	1487923200	1487926800	5
46409	6668	0.0635743067	1487923200	1487926800	5
46410	6669	3.5207479	1487923200	1487926800	5
46412	6671	3.71703124	1487923200	1487926800	5
46413	6672	1.03201282	1487923200	1487926800	5
46414	6673	2.72064495	1487923200	1487926800	5
46415	6674	2.59172392	1487923200	1487926800	5
46416	6675	1.61723888	1487923200	1487926800	5
46417	6676	0.343579233	1487923200	1487926800	5
46419	6678	2.59496856	1487923200	1487926800	5
46420	6679	4.79891396	1487923200	1487926800	5
46421	6680	2.12323737	1487923200	1487926800	5
46422	6681	4.4044795	1487923200	1487926800	5
46423	6682	1.4130193	1487923200	1487926800	5
46425	6684	3.42316079	1487923200	1487926800	5
46426	6685	2.50392985	1487923200	1487926800	5
46427	6686	1.86541069	1487923200	1487926800	5
46428	6687	1.22358322	1487923200	1487926800	5
46429	6688	2.18900061	1487923200	1487926800	5
46393	6742	0.00528747728	1487919600	1487959200	5
46398	6760	0.120495781	1487919600	1487959200	5
46374	6714	0.128675371	1487919600	1487970000	5
46389	6734	0.578358352	1487919600	1487970000	5
46392	6740	0.221835271	1487919600	1487970000	5
46399	6761	0.204154387	1487919600	1487970000	5
47392	6696	0.322682321	1488031200	\N	5
46356	6694	4.0260601	1487919600	1487923200	5
46362	6700	1.30099332	1487919600	1487923200	5
46369	6709	0.278156847	1487919600	1487923200	5
46377	6718	3.22715163	1487919600	1487923200	5
46291	6725	1.72183967	1487916000	1487923200	5
46383	6726	1.51727748	1487919600	1487923200	5
46394	6747	0.162372738	1487919600	1487923200	5
46403	6768	0.597484112	1487919600	1487923200	5
46411	6670	1.14491308	1487923200	1487926800	5
46418	6677	3.23832226	1487923200	1487926800	5
46424	6683	2.49087238	1487923200	1487926800	5
46430	6689	0.647154629	1487923200	1487926800	5
46431	6690	3.06569695	1487923200	1487926800	5
46432	6691	0.0182438847	1487923200	1487926800	5
46433	6692	0.75383687	1487923200	1487926800	5
46502	6692	1.12933207	1487926800	\N	5
46435	6694	0.622813344	1487923200	1487926800	5
46436	6695	4.82132959	1487923200	1487926800	5
46437	6696	4.53502512	1487923200	1487926800	5
46438	6697	5.52921629	1487923200	1487926800	5
46439	6698	0.451491177	1487923200	1487926800	5
46440	6699	1.41353035	1487923200	1487926800	5
46442	6701	1.89865541	1487923200	1487926800	5
46443	6702	1.79850066	1487923200	1487926800	5
46444	6703	4.69427776	1487923200	1487926800	5
46445	6704	0.721161842	1487923200	1487926800	5
46446	6705	2.49831271	1487923200	1487926800	5
46447	6707	1.33083081	1487923200	1487926800	5
46449	6710	2.73404264	1487923200	1487926800	5
46450	6711	5.85886765	1487923200	1487926800	5
46451	6712	4.79706669	1487923200	1487926800	5
46452	6713	4.28007746	1487923200	1487926800	5
46454	6718	1.34248388	1487923200	1487926800	5
46455	6719	2.63023043	1487923200	1487926800	5
46456	6720	2.47574067	1487923200	1487926800	5
46457	6721	4.23619223	1487923200	1487926800	5
46458	6722	0.294220209	1487923200	1487926800	5
46459	6723	0.359275758	1487923200	1487926800	5
46461	6726	0.595398724	1487923200	1487926800	5
46462	6727	1.87683487	1487923200	1487926800	5
46463	6728	1.72601986	1487923200	1487926800	5
46464	6729	0.12031018	1487923200	1487926800	5
46465	6731	0.334155053	1487923200	1487926800	5
46466	6735	0.474269331	1487923200	1487926800	5
46467	6737	0.97024101	1487923200	1487926800	5
46474	6768	0.371099651	1487923200	1487926800	5
46476	6666	2.44449067	1487926800	1487930400	5
46477	6667	0.235508069	1487926800	1487930400	5
46479	6669	0.635282099	1487926800	1487930400	5
46480	6670	2.51767516	1487926800	1487930400	5
46482	6672	3.04664254	1487926800	1487930400	5
46483	6673	2.02268386	1487926800	1487930400	5
46484	6674	4.23700333	1487926800	1487930400	5
46485	6675	0.515950143	1487926800	1487930400	5
46487	6677	1.40525377	1487926800	1487930400	5
46488	6678	3.52932167	1487926800	1487930400	5
46490	6680	1.03285658	1487926800	1487930400	5
46491	6681	0.720509768	1487926800	1487930400	5
46492	6682	2.80875659	1487926800	1487930400	5
46493	6683	0.592448235	1487926800	1487930400	5
46494	6684	3.2265625	1487926800	1487930400	5
46496	6686	2.6278615	1487926800	1487930400	5
46497	6687	3.02035832	1487926800	1487930400	5
46498	6688	2.5183332	1487926800	1487930400	5
46499	6689	4.09696198	1487926800	1487930400	5
46500	6690	1.70869458	1487926800	1487930400	5
46504	6695	0.851111591	1487926800	1487930400	5
46505	6696	1.8999126	1487926800	1487930400	5
46506	6697	2.01315451	1487926800	1487930400	5
46508	6699	0.505241334	1487926800	1487930400	5
46509	6701	0.316447079	1487926800	1487930400	5
46510	6702	3.48962688	1487926800	1487930400	5
46512	6704	4.65801573	1487926800	1487930400	5
46513	6705	3.89675903	1487926800	1487930400	5
46515	6710	3.60269046	1487926800	1487930400	5
46516	6711	0.823322535	1487926800	1487930400	5
46517	6712	2.95780444	1487926800	1487930400	5
46519	6718	2.58240914	1487926800	1487930400	5
46520	6719	2.92974925	1487926800	1487930400	5
46521	6720	4.12948227	1487926800	1487930400	5
46522	6721	3.77636504	1487926800	1487930400	5
46523	6722	0.283502132	1487926800	1487930400	5
46526	6727	0.19136478	1487926800	1487930400	5
46527	6728	0.388317108	1487926800	1487930400	5
46528	6729	2.18066382	1487926800	1487930400	5
46530	6735	0.42823723	1487926800	1487930400	5
46486	6676	0.0632811263	1487926800	1487937600	5
46514	6707	0.217818409	1487926800	1487959200	5
46529	6731	0.109969966	1487926800	1487959200	5
46469	6748	0.0261687245	1487923200	1487959200	5
46470	6758	0.129618973	1487923200	1487959200	5
46478	6668	0.0235029142	1487926800	1487970000	5
46501	6691	0.564208627	1487926800	1487970000	5
46507	6698	0.444023281	1487926800	1487970000	5
46441	6700	0.31292513	1487923200	1487970000	5
46448	6709	0.792303264	1487923200	1487970000	5
46453	6717	0.23572287	1487923200	1487970000	5
46460	6725	0.294905901	1487923200	1487970000	5
46468	6747	0.0581441671	1487923200	1487995200	5
46472	6766	0.198453024	1487923200	1487995200	5
46471	6759	0.278909475	1487923200	1487926800	5
46481	6671	2.59699392	1487926800	1487930400	5
46489	6679	0.654143453	1487926800	1487930400	5
46495	6685	0.301685899	1487926800	1487930400	5
46503	6694	2.01486254	1487926800	1487930400	5
46511	6703	4.37012672	1487926800	1487930400	5
46518	6713	1.05166745	1487926800	1487930400	5
46525	6726	0.344017237	1487926800	1487930400	5
47324	6697	1.46184266	1488027600	1488031200	5
46531	6737	0.38355267	1487926800	1487930400	5
46532	6759	0.279070973	1487926800	1487930400	5
46534	6666	2.90924549	1487930400	1487934000	5
46536	6669	1.85237861	1487930400	1487934000	5
46537	6670	0.638286114	1487930400	1487934000	5
46538	6671	2.35896277	1487930400	1487934000	5
46539	6672	0.264377952	1487930400	1487934000	5
46540	6673	1.28405464	1487930400	1487934000	5
46541	6674	1.09297669	1487930400	1487934000	5
46543	6677	1.68383682	1487930400	1487934000	5
46544	6678	0.277640939	1487930400	1487934000	5
46545	6679	2.88404465	1487930400	1487934000	5
46548	6682	2.40684938	1487930400	1487934000	5
46549	6683	1.09921277	1487930400	1487934000	5
46550	6684	0.430491388	1487930400	1487934000	5
46552	6686	1.52656579	1487930400	1487934000	5
46553	6687	0.839552283	1487930400	1487934000	5
46554	6688	0.683460534	1487930400	1487934000	5
46598	6688	0.501554728	1487934000	\N	5
46555	6689	1.67173493	1487930400	1487934000	5
46556	6690	1.60029817	1487930400	1487934000	5
46557	6694	0.875103533	1487930400	1487934000	5
46558	6695	3.15172911	1487930400	1487934000	5
46559	6696	2.80174589	1487930400	1487934000	5
46560	6697	3.87714553	1487930400	1487934000	5
46563	6702	2.21014929	1487930400	1487934000	5
46564	6703	2.17660642	1487930400	1487934000	5
46565	6704	1.04969835	1487930400	1487934000	5
46566	6705	1.59405494	1487930400	1487934000	5
46567	6710	2.21929312	1487930400	1487934000	5
46568	6711	3.77064967	1487930400	1487934000	5
46569	6712	3.36355782	1487930400	1487934000	5
46570	6713	2.30351901	1487930400	1487934000	5
46571	6718	0.258362919	1487930400	1487934000	5
46572	6719	2.02581	1487930400	1487934000	5
46573	6720	0.806802571	1487930400	1487934000	5
46574	6721	2.58005452	1487930400	1487934000	5
46577	6727	0.688131988	1487930400	1487934000	5
46579	6729	1.65083671	1487930400	1487934000	5
46583	6666	0.8951599	1487934000	1487937600	5
46584	6669	0.345926404	1487934000	1487937600	5
46586	6671	0.829057157	1487934000	1487937600	5
46587	6672	1.69551563	1487934000	1487937600	5
46588	6673	0.741267979	1487934000	1487937600	5
46589	6674	3.07500887	1487934000	1487937600	5
46591	6678	1.76246989	1487934000	1487937600	5
46592	6679	1.42023182	1487934000	1487937600	5
46547	6681	2.78626013	1487930400	1487937600	5
46593	6682	0.768735945	1487934000	1487937600	5
46594	6683	0.266134411	1487934000	1487937600	5
46595	6684	0.692042768	1487934000	1487937600	5
46596	6686	0.9034096	1487934000	1487937600	5
46597	6687	1.12008476	1487934000	1487937600	5
46602	6695	0.720342278	1487934000	1487937600	5
46603	6696	2.22326589	1487934000	1487937600	5
46604	6697	1.20261598	1487934000	1487937600	5
46605	6702	2.12488985	1487934000	1487937600	5
46606	6703	2.83080602	1487934000	1487937600	5
46608	6705	1.8679992	1487934000	1487937600	5
46609	6710	2.22659802	1487934000	1487937600	5
46610	6711	0.719507039	1487934000	1487937600	5
46611	6712	1.30049682	1487934000	1487937600	5
46612	6713	0.803566277	1487934000	1487937600	5
46613	6718	0.838909745	1487934000	1487937600	5
46615	6720	2.44086146	1487934000	1487937600	5
46616	6721	2.8997643	1487934000	1487937600	5
46618	6729	0.100959748	1487934000	1487937600	5
46580	6735	0.0338459127	1487930400	1487937600	5
46582	6759	0.063488178	1487930400	1487937600	5
46621	6671	0.776948929	1487937600	1487941200	5
46622	6672	0.183928341	1487937600	1487941200	5
46624	6674	1.31596684	1487937600	1487941200	5
46626	6678	0.0292705633	1487937600	1487941200	5
46629	6682	1.34985483	1487937600	1487941200	5
46627	6679	1.94881141	1487937600	1487959200	5
46630	6683	0.0712637305	1487937600	1487959200	5
46551	6685	1.4033618	1487930400	1487959200	5
46601	6694	0.644838631	1487934000	1487959200	5
46561	6699	0.545913339	1487930400	1487959200	5
46562	6701	0.393524289	1487930400	1487959200	5
46617	6727	0.058999598	1487934000	1487959200	5
46533	6768	0.145570055	1487926800	1487962800	5
46535	6667	0.605269551	1487930400	1487970000	5
46620	6669	0.380974293	1487937600	1487970000	5
46585	6670	0.43181169	1487934000	1487970000	5
46542	6675	0.225579321	1487930400	1487970000	5
46546	6680	0.253735751	1487930400	1487970000	5
46631	6684	0.122798502	1487937600	1487970000	5
46600	6690	1.24606466	1487934000	1487970000	5
46578	6728	1.04581285	1487930400	1487970000	5
46575	6722	0.0321899503	1487930400	1487973600	5
46590	6677	0.253537923	1487934000	1487980800	5
46628	6681	0.920952797	1487937600	1487980800	5
46599	6689	3.5130527	1487934000	1487937600	5
46607	6704	2.80632639	1487934000	1487937600	5
46646	6718	0.605905771	1487937600	\N	5
46614	6719	1.37259471	1487934000	1487937600	5
46619	6666	1.46570003	1487937600	1487941200	5
46634	6689	0.619170487	1487937600	1487941200	5
46635	6695	2.03928351	1487937600	1487941200	5
46636	6696	0.918740273	1487937600	1487941200	5
47393	6697	1.18561018	1488031200	\N	5
46637	6697	2.90694356	1487937600	1487941200	5
46638	6702	1.10723794	1487937600	1487941200	5
46639	6703	1.25093102	1487937600	1487941200	5
46640	6704	1.61988032	1487937600	1487941200	5
46641	6705	0.980265856	1487937600	1487941200	5
46642	6710	0.409275204	1487937600	1487941200	5
46643	6711	2.98347116	1487937600	1487941200	5
46644	6712	2.25485802	1487937600	1487941200	5
46645	6713	1.01693022	1487937600	1487941200	5
46647	6719	0.953103423	1487937600	1487941200	5
46648	6720	1.0048188	1487937600	1487941200	5
46649	6721	0.711102843	1487937600	1487941200	5
46653	6666	0.173387185	1487941200	1487944800	5
46656	6674	2.07968879	1487941200	1487944800	5
46658	6682	0.0700265095	1487941200	1487944800	5
46659	6689	1.63805377	1487941200	1487944800	5
46660	6695	0.0796749592	1487941200	1487944800	5
46662	6697	0.1538302	1487941200	1487944800	5
46664	6703	1.26998687	1487941200	1487944800	5
46665	6704	1.48098612	1487941200	1487944800	5
46667	6710	1.21643806	1487941200	1487944800	5
46668	6711	0.52271235	1487941200	1487944800	5
46669	6712	0.75311321	1487941200	1487944800	5
46672	6720	1.03478074	1487941200	1487944800	5
46673	6721	1.63258612	1487941200	1487944800	5
46675	6674	0.259897113	1487944800	1487948400	5
46677	6689	0.653990388	1487944800	1487948400	5
46680	6703	0.23873207	1487944800	1487948400	5
46681	6704	0.48309797	1487944800	1487948400	5
46682	6710	0.0422804803	1487944800	1487948400	5
46683	6711	1.76982749	1487944800	1487948400	5
46684	6712	1.22418284	1487944800	1487948400	5
46685	6720	0.332197189	1487944800	1487948400	5
46686	6721	0.298388958	1487944800	1487948400	5
46692	6711	0.0596770644	1487948400	1487952000	5
46695	6721	0.335082769	1487948400	1487952000	5
46654	6671	0.161062062	1487941200	1487959200	5
46655	6672	0.349903941	1487941200	1487959200	5
46625	6676	0.0115051121	1487937600	1487959200	5
46688	6689	0.562040865	1487948400	1487959200	5
46696	6711	0.161548257	1487952000	1487959200	5
46693	6712	0.17198579	1487948400	1487959200	5
46375	6716	0.184549168	1487919600	1487959200	5
46697	6721	0.035461463	1487952000	1487959200	5
46524	6723	0.0732014403	1487926800	1487959200	5
46576	6726	0.521763802	1487930400	1487959200	5
46651	6735	0.0555775613	1487937600	1487959200	5
46652	6759	0.0660099015	1487937600	1487959200	5
46706	6699	0.263624638	1487959200	1487962800	5
46710	6711	0.181844577	1487959200	1487962800	5
46718	6735	0.355577558	1487959200	1487962800	5
46724	6759	0.366009891	1487959200	1487962800	5
46674	6666	0.30715394	1487944800	1487970000	5
46687	6674	0.0821928605	1487948400	1487970000	5
46700	6676	0.311505109	1487959200	1487970000	5
46657	6678	0.37553212	1487941200	1487970000	5
46701	6679	0.0268072374	1487959200	1487970000	5
46676	6682	0.144102439	1487944800	1487970000	5
46703	6685	0.00266920216	1487959200	1487970000	5
46633	6687	0.300392538	1487937600	1487970000	5
46704	6689	0.0409072861	1487959200	1487970000	5
46705	6694	0.0212982856	1487959200	1487970000	5
46678	6695	0.424372733	1487944800	1487970000	5
46679	6697	1.11301386	1487944800	1487970000	5
46726	6699	0.046999909	1487962800	1487970000	5
46707	6701	0.118309483	1487959200	1487970000	5
46663	6702	0.674139023	1487941200	1487970000	5
46689	6703	0.258376539	1487948400	1487970000	5
46690	6704	0.600308776	1487948400	1487970000	5
46708	6707	0.244636223	1487959200	1487970000	5
46709	6708	0.187120676	1487959200	1487970000	5
46727	6711	0.0234490316	1487962800	1487970000	5
46711	6712	0.0901228115	1487959200	1487970000	5
46670	6713	0.0804836079	1487941200	1487970000	5
46671	6719	0.754058719	1487941200	1487970000	5
46694	6720	0.0832700133	1487948400	1487970000	5
46713	6721	0.041564744	1487959200	1487970000	5
46714	6723	0.187961087	1487959200	1487970000	5
46715	6726	0.0832207277	1487959200	1487970000	5
46650	6729	0.764054298	1487937600	1487970000	5
46717	6731	0.113698713	1487959200	1487970000	5
46728	6735	0.0478740744	1487962800	1487970000	5
46719	6742	0.157732263	1487959200	1487970000	5
46720	6744	0.266235113	1487959200	1487970000	5
46721	6748	0.200757697	1487959200	1487970000	5
46723	6758	0.0333471969	1487959200	1487970000	5
46729	6759	0.10564968	1487962800	1487970000	5
46725	6760	0.0912757739	1487959200	1487970000	5
46730	6768	0.00644617574	1487962800	1487973600	5
46731	6666	0.410537183	1487970000	1487980800	5
46733	6668	0.225739002	1487970000	1487980800	5
46632	6686	0.131392106	1487937600	1487991600	5
46691	6710	0.0959188491	1487948400	1487991600	5
46698	6671	0.0545757562	1487959200	1487970000	5
47394	6698	0.0705578253	1488031200	\N	5
46699	6672	0.0596202239	1487959200	1487970000	5
46623	6673	0.390754402	1487937600	1487970000	5
46702	6683	0.304383367	1487959200	1487970000	5
46434	6693	0.866780102	1487923200	1487970000	5
46661	6696	1.19433737	1487941200	1487970000	5
46666	6705	1.47245395	1487941200	1487970000	5
46712	6716	0.0612962469	1487959200	1487970000	5
46716	6727	0.213557765	1487959200	1487970000	5
46581	6737	0.150465086	1487930400	1487970000	5
46304	6745	0.00184461568	1487916000	1487970000	5
46722	6750	0.149622992	1487959200	1487970000	5
46737	6672	0.624620199	1487970000	1487973600	5
46739	6674	0.536667526	1487970000	1487973600	5
46741	6676	0.876505136	1487970000	1487973600	5
46742	6678	0.541776597	1487970000	1487973600	5
46743	6679	0.591807246	1487970000	1487973600	5
46746	6683	0.869383395	1487970000	1487973600	5
46747	6684	0.124399297	1487970000	1487973600	5
46750	6689	0.605907261	1487970000	1487973600	5
46754	6694	0.586298287	1487970000	1487973600	5
46757	6697	0.397094309	1487970000	1487973600	5
46759	6699	0.828624666	1487970000	1487973600	5
46763	6703	0.216193631	1487970000	1487973600	5
46764	6704	0.467026532	1487970000	1487973600	5
46767	6707	0.809636235	1487970000	1487973600	5
46770	6711	0.74684459	1487970000	1487973600	5
46778	6720	0.400308371	1487970000	1487973600	5
46779	6721	0.60656476	1487970000	1487973600	5
46780	6723	0.752961099	1487970000	1487973600	5
46782	6726	0.648220718	1487970000	1487973600	5
46783	6727	0.778557777	1487970000	1487973600	5
46784	6728	0.524871886	1487970000	1487973600	5
46786	6731	0.678698719	1487970000	1487973600	5
46789	6735	0.920577586	1487970000	1487973600	5
46791	6737	0.505422831	1487970000	1487973600	5
46799	6748	0.76575768	1487970000	1487973600	5
46801	6750	0.714622974	1487970000	1487973600	5
46802	6751	0.473514438	1487970000	1487973600	5
46805	6758	0.598347187	1487970000	1487973600	5
46806	6759	0.931009889	1487970000	1487973600	5
46808	6761	0.386974454	1487970000	1487973600	5
46810	6674	0.765238106	1487973600	1487977200	5
46813	6679	0.760838509	1487973600	1487977200	5
46823	6711	0.415282905	1487973600	1487977200	5
46771	6712	0.655122817	1487970000	1487977200	5
46826	6722	0.138653636	1487973600	1487977200	5
46734	6669	0.361699492	1487970000	1487980800	5
46735	6670	0.272976279	1487970000	1487980800	5
46809	6672	0.0754161552	1487973600	1487980800	5
46738	6673	0.461241484	1487970000	1487980800	5
46740	6675	0.383379698	1487970000	1487980800	5
46811	6676	0.0534704365	1487973600	1487980800	5
46812	6678	0.0549042188	1487973600	1487980800	5
46744	6680	0.437270999	1487970000	1487980800	5
46814	6683	0.175243214	1487973600	1487980800	5
46815	6684	0.0208529644	1487973600	1487980800	5
46748	6685	0.567669213	1487970000	1487980800	5
46749	6687	0.348598361	1487970000	1487980800	5
46816	6689	0.271986067	1487973600	1487980800	5
46752	6691	0.438991129	1487970000	1487980800	5
46753	6693	0.533318162	1487970000	1487980800	5
46817	6694	0.0113974754	1487973600	1487980800	5
46755	6695	0.517885447	1487970000	1487980800	5
46756	6696	0.0861381292	1487970000	1487980800	5
46758	6698	0.496678114	1487970000	1487980800	5
46760	6700	0.178950533	1487970000	1487980800	5
46761	6701	0.683309495	1487970000	1487980800	5
46762	6702	0.0188003946	1487970000	1487980800	5
46820	6703	0.0997411087	1487973600	1487980800	5
46821	6704	0.293890983	1487973600	1487980800	5
46766	6706	0.0717181489	1487970000	1487980800	5
46822	6707	0.17465207	1487973600	1487980800	5
46768	6708	0.752120674	1487970000	1487980800	5
46769	6709	0.025232764	1487970000	1487980800	5
46772	6713	0.524974883	1487970000	1487980800	5
46774	6715	0.0280184764	1487970000	1487980800	5
46775	6716	0.626296222	1487970000	1487980800	5
46776	6717	0.544840276	1487970000	1487980800	5
46777	6719	0.132693455	1487970000	1487980800	5
46824	6720	0.0564986952	1487973600	1487980800	5
46827	6723	0.0684336945	1487973600	1487980800	5
46781	6725	0.142933324	1487970000	1487980800	5
46828	6726	0.0551187024	1487973600	1487980800	5
46829	6727	0.366528839	1487973600	1487980800	5
46830	6728	0.218639806	1487973600	1487980800	5
46785	6729	0.07333415	1487970000	1487980800	5
46787	6733	0.0150875812	1487970000	1487980800	5
46788	6734	0.194313318	1487970000	1487980800	5
46832	6735	0.293361247	1487973600	1487980800	5
46790	6736	0.564849913	1487970000	1487980800	5
46833	6737	0.0268881172	1487973600	1487980800	5
46793	6739	0.12034139	1487970000	1487980800	5
46794	6740	0.442341864	1487970000	1487980800	5
46795	6742	0.722732246	1487970000	1487980800	5
46796	6743	0.192017019	1487970000	1487980800	5
46797	6744	0.831235111	1487970000	1487980800	5
46834	6748	0.185137913	1487973600	1487980800	5
46800	6749	0.22428073	1487970000	1487980800	5
46803	6752	0.545755267	1487970000	1487980800	5
46807	6760	0.656275749	1487970000	1487980800	5
46804	6753	0.538275182	1487970000	1487973600	5
46473	6767	0.776768088	1487923200	1487973600	5
46819	6699	0.476504236	1487973600	1487977200	5
47395	6699	0.32790035	1488031200	\N	5
46839	6759	0.624511719	1487973600	1487977200	5
46841	6767	0.221916318	1487973600	1487977200	5
46842	6768	0.294868231	1487973600	1487977200	5
46732	6667	0.0919758826	1487970000	1487980800	5
46736	6671	0.619575739	1487970000	1487980800	5
46843	6674	0.343334764	1487977200	1487980800	5
46844	6679	0.423051119	1487977200	1487980800	5
46745	6682	0.35084635	1487970000	1487980800	5
46751	6690	0.0149046648	1487970000	1487980800	5
46818	6697	0.202261373	1487973600	1487980800	5
46845	6699	0.0581700988	1487977200	1487980800	5
46765	6705	0.232031256	1487970000	1487980800	5
46846	6711	0.168001905	1487977200	1487980800	5
46847	6712	0.0191250499	1487977200	1487980800	5
46773	6714	0.0757812187	1487970000	1487980800	5
46825	6721	0.687069476	1487973600	1487980800	5
46831	6731	0.0737750754	1487973600	1487980800	5
46388	6732	0.130052269	1487919600	1487980800	5
46792	6738	0.113430828	1487970000	1487980800	5
46798	6745	0.39578861	1487970000	1487980800	5
46835	6750	0.108415574	1487973600	1487980800	5
46836	6751	0.234852269	1487973600	1487980800	5
46837	6753	0.179049358	1487973600	1487980800	5
46838	6758	0.256016761	1487973600	1487980800	5
46849	6759	0.182284936	1487977200	1487980800	5
46840	6761	0.0156558715	1487973600	1487980800	5
46855	6669	0.411800504	1487980800	1487984400	5
46858	6672	0.674620211	1487980800	1487984400	5
46860	6674	0.935819328	1487980800	1487984400	5
46862	6676	0.926505089	1487980800	1487984400	5
46864	6678	0.592645109	1487980800	1487984400	5
46869	6683	0.920352876	1487980800	1487984400	5
46870	6684	0.181226209	1487980800	1487984400	5
46873	6689	0.656389236	1487980800	1487984400	5
46877	6694	0.636432946	1487980800	1487984400	5
46880	6697	0.447577238	1487980800	1487984400	5
46886	6703	0.269245774	1487980800	1487984400	5
46887	6704	0.518021226	1487980800	1487984400	5
46890	6707	0.859636247	1487980800	1487984400	5
46893	6711	0.971551478	1487980800	1487984400	5
46901	6720	0.450308353	1487980800	1487984400	5
46902	6721	0.660389781	1487980800	1487984400	5
46903	6723	0.802961111	1487980800	1487984400	5
46906	6726	0.69822073	1487980800	1487984400	5
46907	6727	0.828557789	1487980800	1487984400	5
46908	6728	0.574871838	1487980800	1487984400	5
46910	6731	0.731226146	1487980800	1487984400	5
46916	6737	0.555422843	1487980800	1487984400	5
46925	6748	0.816147327	1487980800	1487984400	5
46927	6750	0.764622986	1487980800	1487984400	5
46928	6751	0.52351445	1487980800	1487984400	5
46930	6753	0.588275135	1487980800	1487984400	5
46932	6759	1.04829121	1487980800	1487984400	5
46850	6767	0.124607861	1487977200	1487984400	5
46851	6768	0.151835442	1487977200	1487984400	5
46894	6712	0.708948791	1487980800	1487988000	5
46852	6666	0.460537165	1487980800	1487991600	5
46853	6667	0.14197588	1487980800	1487991600	5
46856	6670	0.322976261	1487980800	1487991600	5
46857	6671	0.669575751	1487980800	1487991600	5
46859	6673	0.511241496	1487980800	1487991600	5
46861	6675	0.43337971	1487980800	1487991600	5
46863	6677	0.0311269071	1487980800	1487991600	5
46867	6681	0.0377880223	1487980800	1487991600	5
46868	6682	0.406663358	1487980800	1487991600	5
46871	6685	0.618477106	1487980800	1487991600	5
46872	6687	0.398759931	1487980800	1487991600	5
46874	6690	0.0755691826	1487980800	1487991600	5
46876	6693	0.583318174	1487980800	1487991600	5
46878	6695	0.568084538	1487980800	1487991600	5
46879	6696	0.136141971	1487980800	1487991600	5
46881	6698	0.546678126	1487980800	1487991600	5
46883	6700	0.22895053	1487980800	1487991600	5
46884	6701	0.733309507	1487980800	1487991600	5
46888	6705	0.282032222	1487980800	1487991600	5
46889	6706	0.121718153	1487980800	1487991600	5
46891	6708	0.802120686	1487980800	1487991600	5
46892	6709	0.0752327666	1487980800	1487991600	5
46895	6713	0.574974895	1487980800	1487991600	5
46897	6715	0.078018479	1487980800	1487991600	5
46898	6716	0.676296234	1487980800	1487991600	5
46899	6717	0.594840288	1487980800	1487991600	5
46900	6719	0.182693452	1487980800	1487991600	5
46904	6724	0.045798324	1487980800	1487991600	5
46909	6729	0.123334147	1487980800	1487991600	5
46911	6732	0.0260054115	1487980800	1487991600	5
46912	6733	0.0650875792	1487980800	1487991600	5
46913	6734	0.244313315	1487980800	1487991600	5
46915	6736	0.614849865	1487980800	1487991600	5
46917	6738	0.164273307	1487980800	1487991600	5
46919	6740	0.494237453	1487980800	1487991600	5
46920	6741	0.0375469998	1487980800	1487991600	5
46921	6742	0.772732258	1487980800	1487991600	5
46922	6743	0.242017016	1487980800	1487991600	5
46923	6744	0.881235123	1487980800	1487991600	5
46926	6749	0.274407119	1487980800	1487991600	5
46929	6752	0.595755279	1487980800	1487991600	5
46933	6760	0.706275761	1487980800	1487991600	5
46865	6679	1.06797731	1487980800	1487984400	5
46882	6699	0.898014665	1487980800	1487984400	5
46848	6722	0.0202196427	1487977200	1487984400	5
47396	6702	0.000666900072	1488031200	\N	5
46914	6735	0.970577538	1487980800	1487984400	5
46931	6758	0.70512104	1487980800	1487984400	5
46934	6761	0.436974466	1487980800	1487984400	5
46938	6674	1.23155868	1487984400	1487988000	5
46941	6679	1.17654812	1487984400	1487988000	5
46947	6699	0.540161252	1487984400	1487988000	5
46951	6711	0.422621489	1487984400	1487988000	5
46954	6722	0.171986967	1487984400	1487988000	5
46960	6735	0.315087438	1487984400	1487988000	5
46966	6758	0.33585307	1487984400	1487988000	5
46967	6759	0.689634621	1487984400	1487988000	5
46969	6767	0.352207571	1487984400	1487988000	5
46970	6768	0.329435617	1487984400	1487988000	5
46854	6668	0.275739014	1487980800	1487991600	5
46936	6669	0.00407629739	1487984400	1487991600	5
46937	6672	0.0885526016	1487984400	1487991600	5
46971	6674	0.62185806	1487988000	1487991600	5
46939	6676	0.0618037693	1487984400	1487991600	5
46940	6678	0.12146657	1487984400	1487991600	5
46972	6679	0.206201926	1487988000	1487991600	5
46866	6680	0.487270981	1487980800	1487991600	5
46942	6683	0.195853785	1487984400	1487991600	5
46943	6684	0.0887052938	1487984400	1487991600	5
46944	6689	0.233599737	1487984400	1487991600	5
46875	6691	0.488991112	1487980800	1487991600	5
46945	6694	0.0448879041	1487984400	1487991600	5
46946	6697	0.289333731	1487984400	1487991600	5
46973	6699	0.0521388054	1487988000	1487991600	5
46885	6702	0.0689462721	1487980800	1487991600	5
46948	6703	0.272376239	1487984400	1487991600	5
46949	6704	0.405203253	1487984400	1487991600	5
46950	6707	0.206378266	1487984400	1487991600	5
46974	6711	0.418601692	1487988000	1487991600	5
46975	6712	0.118299127	1487988000	1487991600	5
46896	6714	0.125781223	1487980800	1487991600	5
46952	6720	0.155020609	1487984400	1487991600	5
46953	6721	0.704421461	1487984400	1487991600	5
46955	6723	0.0996836945	1487984400	1487991600	5
46957	6727	0.401396483	1487984400	1487991600	5
46958	6728	0.269889802	1487984400	1487991600	5
46977	6735	0.00309213507	1487988000	1487991600	5
46961	6737	0.0736143067	1487984400	1487991600	5
46962	6748	0.239154652	1487984400	1487991600	5
46963	6750	0.1521734	1487984400	1487991600	5
46964	6751	0.304495126	1487984400	1487991600	5
46965	6753	0.236192212	1487984400	1487991600	5
46979	6759	0.225816771	1487988000	1487991600	5
46968	6761	0.0739892051	1487984400	1487991600	5
46981	6768	0.170621261	1487988000	1487991600	5
46935	6769	0.0703841373	1487980800	1487991600	5
46982	6666	1.03053713	1487991600	1487995200	5
46987	6671	1.23957574	1487991600	1487995200	5
46988	6672	1.2446202	1487991600	1487995200	5
46989	6673	1.08124149	1487991600	1487995200	5
46990	6674	1.78373945	1487991600	1487995200	5
46992	6676	1.49650514	1487991600	1487995200	5
46994	6678	1.1625551	1487991600	1487995200	5
46995	6679	1.4210695	1487991600	1487995200	5
46997	6681	0.607788026	1487991600	1487995200	5
46998	6682	0.976060212	1487991600	1487995200	5
46999	6683	1.49025238	1487991600	1487995200	5
47000	6684	0.750518382	1487991600	1487995200	5
47002	6686	0.566676319	1487991600	1487995200	5
47004	6689	1.24335241	1487991600	1487995200	5
47005	6690	0.64446342	1487991600	1487995200	5
47006	6691	1.05899107	1487991600	1487995200	5
47008	6694	1.20641899	1487991600	1487995200	5
47010	6696	0.706141591	1487991600	1487995200	5
47011	6697	1.03454041	1487991600	1487995200	5
47012	6698	1.11667812	1487991600	1487995200	5
47013	6699	1.46600425	1487991600	1487995200	5
47015	6701	1.30330944	1487991600	1487995200	5
47017	6703	0.964674413	1487991600	1487995200	5
47018	6704	1.14560425	1487991600	1487995200	5
47019	6705	0.852032125	1487991600	1487995200	5
47021	6707	1.42963624	1487991600	1487995200	5
47023	6709	0.645232737	1487991600	1487995200	5
47024	6710	0.398843974	1487991600	1487995200	5
47026	6712	1.29883921	1487991600	1487995200	5
47031	6717	1.16484022	1487991600	1487995200	5
47032	6719	0.752996504	1487991600	1487995200	5
47033	6720	1.02052891	1487991600	1487995200	5
47034	6721	1.25042045	1487991600	1487995200	5
47035	6723	1.37296104	1487991600	1487995200	5
46980	6767	0.10650833	1487988000	1487995200	5
47022	6708	1.37212074	1487991600	1488013200	5
46983	6667	0.711975873	1487991600	1488024000	5
46984	6668	0.845739007	1487991600	1488024000	5
46991	6675	1.0033797	1487991600	1488024000	5
46996	6680	1.057271	1487991600	1488024000	5
47003	6687	0.968743205	1487991600	1488024000	5
47007	6693	1.15331817	1487991600	1488024000	5
47014	6700	0.798950553	1487991600	1488024000	5
47020	6706	0.691718161	1487991600	1488024000	5
47028	6714	0.695781231	1487991600	1488024000	5
47029	6715	0.648018479	1487991600	1488024000	5
47030	6716	1.24629629	1487991600	1488024000	5
47036	6724	0.615798295	1487991600	1488024000	5
46905	6725	0.192933321	1487980800	1487991600	5
46956	6726	0.0917853713	1487984400	1487991600	5
46959	6731	0.116854981	1487984400	1487991600	5
47397	6703	1.46253037	1488031200	\N	5
46918	6739	0.170341387	1487980800	1487991600	5
46924	6745	0.445788622	1487980800	1487991600	5
46978	6758	0.0408717133	1487988000	1487991600	5
46985	6669	0.981790006	1487991600	1487995200	5
46993	6677	0.601091981	1487991600	1487995200	5
47001	6685	1.18839335	1487991600	1487995200	5
47009	6695	1.13806391	1487991600	1487995200	5
47016	6702	0.638937354	1487991600	1487995200	5
47025	6711	1.63479149	1487991600	1487995200	5
46976	6722	0.0459678583	1487988000	1487995200	5
47037	6725	0.76297456	1487991600	1487995200	5
47038	6726	1.2683444	1487991600	1487995200	5
47039	6727	1.39880514	1487991600	1487995200	5
47040	6728	1.14511919	1487991600	1487995200	5
47041	6729	0.693375349	1487991600	1487995200	5
47042	6731	1.30444467	1487991600	1487995200	5
47043	6732	0.597655892	1487991600	1487995200	5
47046	6735	1.54119599	1487991600	1487995200	5
47048	6737	1.12542284	1487991600	1487995200	5
47051	6740	1.06665134	1487991600	1487995200	5
47053	6742	1.34273231	1487991600	1487995200	5
47054	6743	0.812223136	1487991600	1487995200	5
47055	6744	1.45123506	1487991600	1487995200	5
47056	6745	1.01578856	1487991600	1487995200	5
47057	6748	1.38664353	1487991600	1487995200	5
47058	6749	0.844602406	1487991600	1487995200	5
47059	6750	1.33465731	1487991600	1487995200	5
47060	6751	1.09361756	1487991600	1487995200	5
47062	6753	1.15827513	1487991600	1487995200	5
47063	6758	1.30316103	1487991600	1487995200	5
47064	6759	1.63196099	1487991600	1487995200	5
47065	6760	1.27627575	1487991600	1487995200	5
47066	6761	1.00697446	1487991600	1487995200	5
47067	6768	0.00216285163	1487991600	1487995200	5
47069	6666	0.945881426	1487995200	1487998800	5
47071	6671	0.425063968	1487995200	1487998800	5
47074	6674	2.40665889	1487995200	1487998800	5
47077	6678	0.737954259	1487995200	1487998800	5
47080	6682	0.797669172	1487995200	1487998800	5
47081	6683	0.538390458	1487995200	1487998800	5
47082	6684	1.42993426	1487995200	1487998800	5
47089	6695	0.399541855	1487995200	1487998800	5
47091	6697	1.04687667	1487995200	1487998800	5
47093	6699	1.21008718	1487995200	1487998800	5
47096	6703	1.12281573	1487995200	1487998800	5
47101	6710	1.16536295	1487995200	1487998800	5
47102	6711	0.678493619	1487995200	1487998800	5
47105	6719	0.073795408	1487995200	1487998800	5
47106	6720	1.41330099	1487995200	1487998800	5
47107	6721	1.67759359	1487995200	1487998800	5
47108	6722	0.676021099	1487995200	1487998800	5
47109	6723	0.363775551	1487995200	1487998800	5
47113	6728	0.854341805	1487995200	1487998800	5
47114	6729	0.0867302939	1487995200	1487998800	5
47115	6731	0.48296535	1487995200	1487998800	5
47117	6735	0.562869072	1487995200	1487998800	5
47124	6747	0.316628516	1487995200	1487998800	5
47128	6751	1.07077646	1487995200	1487998800	5
47131	6758	0.971274137	1487995200	1487998800	5
47132	6759	1.25365257	1487995200	1487998800	5
47133	6760	0.0655253381	1487995200	1487998800	5
47134	6761	0.711233139	1487995200	1487998800	5
47135	6766	0.212165818	1487995200	1487998800	5
47097	6704	1.16904318	1487995200	1488002400	5
47075	6676	0.121172696	1487995200	1488013200	5
47094	6701	0.259703398	1487995200	1488013200	5
47099	6707	0.590312123	1487995200	1488013200	5
47120	6742	0.0884153321	1487995200	1488013200	5
47127	6750	0.674747825	1487995200	1488013200	5
47070	6669	0.842893898	1487995200	1488024000	5
47073	6673	0.475176185	1487995200	1488024000	5
47076	6677	0.538205087	1487995200	1488024000	5
47078	6679	1.7936269	1487995200	1488024000	5
47083	6685	0.230035976	1487995200	1488024000	5
47084	6686	0.0999757722	1487995200	1488024000	5
47086	6690	0.4376809	1487995200	1488024000	5
47087	6691	0.424318641	1487995200	1488024000	5
47088	6694	0.396576524	1487995200	1488024000	5
47090	6696	0.113566935	1487995200	1488024000	5
47095	6702	0.771039963	1487995200	1488024000	5
47098	6705	0.54246521	1487995200	1488024000	5
47100	6709	0.184489653	1487995200	1488024000	5
47104	6717	0.143134013	1487995200	1488024000	5
47110	6725	0.433491439	1487995200	1488024000	5
47116	6732	0.408665627	1487995200	1488024000	5
47044	6733	0.635087609	1487991600	1488024000	5
47045	6734	0.814313293	1487991600	1488024000	5
47047	6736	1.18484986	1487991600	1488024000	5
47118	6737	0.606292903	1487995200	1488024000	5
47050	6739	0.740341365	1487991600	1488024000	5
47119	6740	0.505827367	1487995200	1488024000	5
47052	6741	0.607546985	1487991600	1488024000	5
47121	6743	0.267912269	1487995200	1488024000	5
47123	6745	0.286346823	1487995200	1488024000	5
47126	6749	0.349247843	1487995200	1488024000	5
47129	6753	0.859864712	1487995200	1488024000	5
47068	6769	0.63657093	1487991600	1488024000	5
47130	6757	0.0357122608	1487995200	1488027600	5
47072	6672	0.450003028	1487995200	1487998800	5
47085	6689	1.23872602	1487995200	1487998800	5
47398	6704	0.610693753	1488031200	\N	5
47103	6712	0.736851513	1487995200	1487998800	5
47217	6670	1.2529763	1488024000	1488034800	5
47112	6727	0.867545605	1487995200	1487998800	5
47227	6680	1.41727102	1488024000	1488034800	5
47125	6748	0.90878886	1487995200	1487998800	5
47136	6767	0.654819369	1487995200	1487998800	5
47137	6768	1.01212668	1487995200	1487998800	5
47138	6666	1.17097735	1487998800	1488002400	5
47141	6674	0.894099534	1487998800	1488002400	5
47146	6689	0.596741259	1487998800	1488002400	5
47150	6703	0.395734042	1487998800	1488002400	5
47230	6683	1.84938335	1488024000	1488034800	5
47151	6710	0.146927267	1487998800	1488002400	5
47152	6711	1.70918941	1487998800	1488002400	5
47153	6712	1.24678552	1487998800	1488002400	5
47155	6720	0.0481667519	1487998800	1488002400	5
47156	6721	0.621244133	1487998800	1488002400	5
47157	6722	0.191492826	1487998800	1488002400	5
47163	6735	0.0698178113	1487998800	1488002400	5
47167	6758	0.586016834	1487998800	1488002400	5
47168	6759	0.810104907	1487998800	1488002400	5
47171	6766	0.29895401	1487998800	1488002400	5
47172	6767	0.649116457	1487998800	1488002400	5
47173	6768	0.133298799	1487998800	1488002400	5
47175	6674	1.36567974	1488002400	1488006000	5
47180	6711	0.0800548866	1488002400	1488006000	5
47183	6721	0.437723309	1488002400	1488006000	5
47187	6759	0.217238128	1488002400	1488006000	5
47190	6768	0.324567944	1488002400	1488006000	5
47238	6693	1.51331818	1488024000	1488034800	5
47144	6683	0.08894898	1487998800	1488013200	5
47149	6699	0.192304745	1487998800	1488013200	5
47192	6711	0.180236965	1488006000	1488013200	5
47158	6723	0.172849536	1487998800	1488013200	5
47159	6727	0.180807948	1487998800	1488013200	5
47185	6735	0.0122138625	1488002400	1488013200	5
47122	6744	0.0685544088	1487995200	1488013200	5
47165	6748	0.272032738	1487998800	1488013200	5
47194	6759	0.0621127486	1488006000	1488013200	5
47205	6735	0.240577564	1488013200	1488016800	5
47210	6759	0.251009911	1488013200	1488016800	5
47174	6666	0.0760258511	1488002400	1488024000	5
46986	6670	0.892976284	1487991600	1488024000	5
47139	6671	0.263295919	1487998800	1488024000	5
47140	6672	0.475178361	1487998800	1488024000	5
47191	6674	0.399781018	1488006000	1488024000	5
47196	6676	0.196505114	1488013200	1488024000	5
47142	6678	0.325214982	1487998800	1488024000	5
47079	6681	0.323572457	1487995200	1488024000	5
47143	6682	0.754902661	1487998800	1488024000	5
47197	6683	0.189383373	1488013200	1488024000	5
47145	6684	0.630865991	1487998800	1488024000	5
47176	6689	0.455869764	1488002400	1488024000	5
47148	6697	0.697849393	1487998800	1488024000	5
47198	6699	0.148624644	1488013200	1488024000	5
47199	6701	0.00330948504	1488013200	1488024000	5
47178	6704	0.490727067	1488002400	1488024000	5
47200	6707	0.129636228	1488013200	1488024000	5
47201	6708	0.0721206814	1488013200	1488024000	5
47179	6710	0.172673017	1488002400	1488024000	5
47202	6711	0.0668445677	1488013200	1488024000	5
47181	6712	0.187090337	1488002400	1488024000	5
47182	6720	0.24655962	1488002400	1488024000	5
47193	6721	0.167987108	1488006000	1488024000	5
47203	6723	0.072961092	1488013200	1488024000	5
47204	6727	0.0985577703	1488013200	1488024000	5
47160	6728	0.00364245311	1487998800	1488024000	5
47162	6731	0.180131137	1487998800	1488024000	5
47211	6735	0.0122788353	1488016800	1488024000	5
47206	6742	0.0427322648	1488013200	1488024000	5
47207	6744	0.151235104	1488013200	1488024000	5
47208	6748	0.0857576951	1488013200	1488024000	5
47166	6751	0.00486794114	1487998800	1488024000	5
47186	6758	0.084124051	1488002400	1488024000	5
47212	6759	0.0319901183	1488016800	1488024000	5
47169	6760	0.251512796	1487998800	1488024000	5
47170	6761	0.070347324	1487998800	1488024000	5
47213	6666	1.39053714	1488024000	1488027600	5
47216	6669	1.34169948	1488024000	1488027600	5
47218	6671	1.59957576	1488024000	1488027600	5
47219	6672	1.60462022	1488024000	1488027600	5
47220	6673	1.4412415	1488024000	1488027600	5
47221	6674	1.51666749	1488024000	1488027600	5
47223	6676	1.85650516	1488024000	1488027600	5
47224	6677	0.960790277	1488024000	1488027600	5
47225	6678	1.52177656	1488024000	1488027600	5
47226	6679	1.57180727	1488024000	1488027600	5
47228	6681	0.967788041	1488024000	1488027600	5
47231	6684	1.10439932	1488024000	1488027600	5
47232	6685	1.54766917	1488024000	1488027600	5
47233	6686	0.926434934	1488024000	1488027600	5
47234	6687	1.32859838	1488024000	1488027600	5
47235	6689	1.58590734	1488024000	1488027600	5
47237	6691	1.41899109	1488024000	1488027600	5
47184	6722	0.0657571107	1488002400	1488027600	5
47164	6747	0.0614593439	1487998800	1488027600	5
47188	6766	0.0760429502	1488002400	1488027600	5
47189	6767	0.1516449	1488002400	1488027600	5
47147	6695	0.445052832	1487998800	1488024000	5
47092	6698	0.18246524	1487995200	1488024000	5
47177	6703	0.125198871	1488002400	1488024000	5
47027	6713	1.14497483	1487991600	1488024000	5
47154	6719	0.0674658194	1487998800	1488024000	5
47315	6685	0.409898043	1488027600	1488034800	5
47111	6726	0.446465433	1487995200	1488024000	5
47316	6686	0.493040591	1488027600	1488034800	5
47161	6729	0.192189828	1487998800	1488024000	5
47318	6689	1.69869292	1488027600	1488034800	5
47049	6738	0.735346138	1487991600	1488024000	5
47236	6690	0.994904637	1488024000	1488034800	5
47209	6750	0.0346230008	1488013200	1488024000	5
47061	6752	1.16575527	1487991600	1488024000	5
47319	6690	0.887246013	1488027600	1488031200	5
47214	6667	1.07197583	1488024000	1488027600	5
47322	6695	0.855606973	1488027600	1488031200	5
47222	6675	1.36337972	1488024000	1488027600	5
47229	6682	1.33084631	1488024000	1488027600	5
47239	6694	1.56629825	1488024000	1488027600	5
47323	6696	0.402080476	1488027600	1488034800	5
47241	6696	1.06613815	1488024000	1488027600	5
47325	6698	0.404465258	1488027600	1488034800	5
47243	6698	1.47667813	1488024000	1488027600	5
47244	6699	1.80862463	1488024000	1488027600	5
47246	6701	1.66330945	1488024000	1488027600	5
47247	6702	0.998800397	1488024000	1488027600	5
47248	6703	1.19619358	1488024000	1488027600	5
47249	6704	1.44702649	1488024000	1488027600	5
47250	6705	1.21203125	1488024000	1488027600	5
47252	6707	1.78963625	1488024000	1488027600	5
47253	6708	1.73212063	1488024000	1488027600	5
47254	6709	1.00523281	1488024000	1488027600	5
47255	6710	0.758806884	1488024000	1488027600	5
47256	6711	1.72684455	1488024000	1488027600	5
47257	6712	1.63512278	1488024000	1488027600	5
47260	6715	1.00801849	1488024000	1488027600	5
47262	6717	1.52484024	1488024000	1488027600	5
47263	6719	1.11269343	1488024000	1488027600	5
47265	6721	1.58656478	1488024000	1488027600	5
47266	6723	1.73296106	1488024000	1488027600	5
47267	6724	0.975798309	1488024000	1488027600	5
47268	6725	1.12293327	1488024000	1488027600	5
47269	6726	1.62822068	1488024000	1488027600	5
47271	6728	1.50487185	1488024000	1488027600	5
47272	6729	1.05333412	1488024000	1488027600	5
47273	6731	1.65869868	1488024000	1488027600	5
47274	6732	0.954741657	1488024000	1488027600	5
47276	6734	1.17431331	1488024000	1488027600	5
47279	6737	1.48542285	1488024000	1488027600	5
47282	6740	1.42234182	1488024000	1488027600	5
47284	6742	1.70273232	1488024000	1488027600	5
47285	6743	1.17201698	1488024000	1488027600	5
47286	6744	1.81123507	1488024000	1488027600	5
47287	6745	1.37578857	1488024000	1488027600	5
47289	6749	1.20428073	1488024000	1488027600	5
47290	6750	1.69462299	1488024000	1488027600	5
47291	6751	1.45351446	1488024000	1488027600	5
47292	6752	1.52575529	1488024000	1488027600	5
47293	6753	1.51827514	1488024000	1488027600	5
47295	6759	1.91100991	1488024000	1488027600	5
47296	6760	1.63627577	1488024000	1488027600	5
47297	6761	1.36697447	1488024000	1488027600	5
47299	6666	0.858809531	1488027600	1488031200	5
47302	6671	0.684410274	1488027600	1488031200	5
47305	6674	2.95726705	1488027600	1488031200	5
47308	6677	1.07218027	1488027600	1488031200	5
47309	6678	1.17363179	1488027600	1488031200	5
47310	6679	2.15362644	1488027600	1488031200	5
47311	6681	0.976093829	1488027600	1488031200	5
47314	6684	2.27934861	1488027600	1488034800	5
47242	6697	1.37709427	1488024000	1488034800	5
47326	6699	1.62917089	1488027600	1488034800	5
47245	6700	1.15895057	1488024000	1488034800	5
47329	6703	1.54261708	1488027600	1488034800	5
47330	6704	1.52886474	1488027600	1488034800	5
47331	6705	0.948406935	1488027600	1488034800	5
47335	6710	1.48282361	1488027600	1488031200	5
47336	6711	1.95792723	1488027600	1488031200	5
47337	6712	0.614568532	1488027600	1488031200	5
47258	6713	1.50497484	1488024000	1488031200	5
47300	6667	0.212893948	1488027600	1488034800	5
47301	6669	1.39795554	1488027600	1488034800	5
47306	6675	0.146464825	1488027600	1488034800	5
47307	6676	0.172601268	1488027600	1488034800	5
47312	6682	1.44584489	1488027600	1488034800	5
47317	6687	0.0382399969	1488027600	1488034800	5
47320	6691	0.719973743	1488027600	1488034800	5
47327	6701	0.431131959	1488027600	1488034800	5
47328	6702	1.35228682	1488027600	1488034800	5
47251	6706	1.05171812	1488024000	1488034800	5
47333	6708	0.0295664929	1488027600	1488034800	5
47334	6709	0.557346821	1488027600	1488034800	5
47338	6715	0.203810379	1488027600	1488034800	5
47261	6716	1.6062963	1488024000	1488034800	5
47275	6733	0.995087564	1488024000	1488034800	5
47278	6736	1.54484987	1488024000	1488034800	5
47280	6738	1.09343088	1488024000	1488034800	5
47283	6741	0.967546999	1488024000	1488034800	5
47298	6769	0.971770704	1488024000	1488034800	5
47321	6694	0.627881527	1488027600	1488038400	5
47264	6720	1.38030839	1488024000	1488027600	5
47270	6727	1.7585578	1488024000	1488027600	5
47277	6735	1.90057755	1488024000	1488027600	5
47288	6748	1.7457577	1488024000	1488027600	5
47294	6758	1.57834721	1488024000	1488027600	5
47195	6768	0.0241552368	1488006000	1488027600	5
47303	6672	0.63325727	1488027600	1488031200	5
47332	6707	0.825169265	1488027600	1488031200	5
47340	6719	0.420754135	1488027600	1488031200	5
47341	6720	1.96437836	1488027600	1488031200	5
47342	6721	2.09936142	1488027600	1488031200	5
47343	6722	0.940185547	1488027600	1488031200	5
47344	6723	0.573456347	1488027600	1488031200	5
47347	6726	0.662649214	1488027600	1488031200	5
47348	6727	1.17637253	1488027600	1488031200	5
47349	6728	1.22313976	1488027600	1488031200	5
47350	6729	0.443667084	1488027600	1488031200	5
47351	6731	0.747493744	1488027600	1488031200	5
47354	6735	1.02739751	1488027600	1488031200	5
47355	6737	0.910377979	1488027600	1488031200	5
47356	6740	0.940451086	1488027600	1488031200	5
47361	6747	0.891971171	1488027600	1488031200	5
47362	6748	1.25264847	1488027600	1488031200	5
47363	6749	0.63496381	1488027600	1488031200	5
47364	6750	0.919536769	1488027600	1488031200	5
47365	6751	1.67979836	1488027600	1488031200	5
47367	6753	1.23037839	1488027600	1488031200	5
47368	6757	0.231707647	1488027600	1488031200	5
47369	6758	1.3340168	1488027600	1488031200	5
47370	6759	1.56189191	1488027600	1488031200	5
47371	6760	0.13799496	1488027600	1488031200	5
47372	6761	1.0837028	1488027600	1488031200	5
47373	6766	0.348476559	1488027600	1488031200	5
47374	6767	0.874328613	1488027600	1488031200	5
47375	6768	1.08989263	1488027600	1488031200	5
47376	6666	1.38047791	1488031200	1488034800	5
47215	6668	1.20573902	1488024000	1488034800	5
47433	6668	1.43573904	1488034800	\N	5
47377	6671	0.643487811	1488031200	1488034800	5
47378	6672	0.822144628	1488031200	1488034800	5
47304	6673	0.790176153	1488027600	1488034800	5
47379	6674	1.22764158	1488031200	1488034800	5
47380	6677	0.514554024	1488031200	1488034800	5
47381	6678	0.885449171	1488031200	1488034800	5
47382	6679	0.0431213155	1488031200	1488034800	5
47445	6680	1.64727104	1488034800	\N	5
47383	6681	0.419016927	1488031200	1488034800	5
47400	6710	0.437249154	1488031200	1488034800	5
47401	6711	1.2491684	1488031200	1488034800	5
47402	6712	1.7830689	1488031200	1488034800	5
47403	6713	0.664308786	1488031200	1488034800	5
47404	6719	0.900172353	1488031200	1488034800	5
47405	6720	0.150065064	1488031200	1488034800	5
47406	6721	1.09572232	1488031200	1488034800	5
47407	6722	0.267699122	1488031200	1488034800	5
47408	6723	0.399508983	1488031200	1488034800	5
47346	6725	0.923193097	1488027600	1488034800	5
47409	6726	0.032982029	1488031200	1488034800	5
47410	6727	0.347596228	1488031200	1488034800	5
47411	6728	0.175817505	1488031200	1488034800	5
47412	6729	0.761774361	1488031200	1488034800	5
47413	6731	0.83486551	1488031200	1488034800	5
47353	6734	0.189496681	1488027600	1488034800	5
47414	6735	0.134330422	1488031200	1488034800	5
47415	6737	0.0721458793	1488031200	1488034800	5
47416	6740	0.143024132	1488031200	1488034800	5
47357	6742	0.093278721	1488027600	1488034800	5
47359	6744	0.0876394957	1488027600	1488034800	5
47360	6745	0.52186048	1488027600	1488034800	5
47418	6748	0.432985097	1488031200	1488034800	5
47419	6749	0.105891198	1488031200	1488034800	5
47420	6750	0.482418239	1488031200	1488034800	5
47366	6752	0.0201251023	1488027600	1488034800	5
47422	6753	0.255205631	1488031200	1488034800	5
47424	6758	0.886136889	1488031200	1488034800	5
47425	6759	0.819628	1488031200	1488034800	5
47426	6760	0.458715379	1488031200	1488034800	5
47427	6761	0.214902014	1488031200	1488034800	5
47429	6767	0.813669562	1488031200	1488034800	5
47430	6768	0.856048942	1488031200	1488034800	5
47431	6666	2.310776	1488034800	1488038400	5
47432	6667	1.30197585	1488034800	1488038400	5
47434	6669	1.84791291	1488034800	1488038400	5
47436	6671	2.19164658	1488034800	1488038400	5
47437	6672	2.30686975	1488034800	1488038400	5
47438	6673	1.75647736	1488034800	1488038400	5
47439	6674	4.15704823	1488034800	1488038400	5
47440	6675	1.59337974	1488034800	1488038400	5
47442	6677	1.48556852	1488034800	1488038400	5
47443	6678	1.9179163	1488034800	1488038400	5
47444	6679	2.47858953	1488034800	1488038400	5
47446	6681	2.14445305	1488034800	1488038400	5
47447	6682	2.2626822	1488034800	1488038400	5
47448	6683	2.14167523	1488034800	1488038400	5
47450	6685	1.82355905	1488034800	1488038400	5
47451	6686	1.33205903	1488034800	1488038400	5
47452	6687	1.76014161	1488034800	1488038400	5
47453	6689	2.31100726	1488034800	1488038400	5
47454	6690	2.42675638	1488034800	1488038400	5
47417	6747	0.290972829	1488031200	1488038400	5
47423	6757	0.0130254626	1488031200	1488038400	5
47240	6695	1.49788547	1488024000	1488034800	5
47469	6706	1.28171813	1488034800	\N	5
47399	6707	0.00467008259	1488031200	1488034800	5
47259	6714	1.05578125	1488024000	1488034800	5
47339	6717	0.305991143	1488027600	1488034800	5
47345	6724	0.0827908218	1488027600	1488034800	5
47352	6732	0.98309201	1488027600	1488034800	5
47494	6733	1.22508752	1488034800	\N	5
47497	6736	1.77484989	1488034800	\N	5
47281	6739	1.10034144	1488024000	1488034800	5
47500	6739	1.33034134	1488034800	\N	5
47502	6741	1.19754696	1488034800	\N	5
47358	6743	0.583825588	1488027600	1488034800	5
47421	6751	0.0732764378	1488031200	1488034800	5
47428	6766	0.437088042	1488031200	1488034800	5
47435	6670	1.48297632	1488034800	1488038400	5
47441	6676	2.08650517	1488034800	1488038400	5
47449	6684	2.22105742	1488034800	1488038400	5
47455	6691	1.65193105	1488034800	1488038400	5
47458	6695	2.04955459	1488034800	1488038400	5
47459	6696	2.60391808	1488034800	1488038400	5
47460	6697	2.43325734	1488034800	1488038400	5
47461	6698	1.72431886	1488034800	1488038400	5
47462	6699	2.16789937	1488034800	1488038400	5
47463	6700	1.38895059	1488034800	1488038400	5
47550	6700	0.0577404462	1488038400	\N	5
47464	6701	1.89330947	1488034800	1488038400	5
47465	6702	2.16752791	1488034800	1488038400	5
47466	6703	2.2033906	1488034800	1488038400	5
47467	6704	3.25596452	1488034800	1488038400	5
47468	6705	2.47762227	1488034800	1488038400	5
47470	6707	2.02197123	1488034800	1488038400	5
47471	6708	1.96212065	1488034800	1488038400	5
47472	6709	1.23523271	1488034800	1488038400	5
47558	6709	0.795561075	1488038400	\N	5
47474	6711	3.63171649	1488034800	1488038400	5
47475	6712	2.16230106	1488034800	1488038400	5
47476	6713	1.90105224	1488034800	1488038400	5
47477	6714	1.28578126	1488034800	1488038400	5
47478	6715	1.23801851	1488034800	1488038400	5
47481	6719	1.99357367	1488034800	1488038400	5
47482	6720	3.08280468	1488034800	1488038400	5
47483	6721	3.14937592	1488034800	1488038400	5
47484	6722	0.160525128	1488034800	1488038400	5
47485	6723	2.06283832	1488034800	1488038400	5
47486	6724	1.20579827	1488034800	1488038400	5
47488	6726	1.89168322	1488034800	1488038400	5
47489	6727	2.09154081	1488034800	1488038400	5
47490	6728	1.89657319	1488034800	1488038400	5
47491	6729	1.59647107	1488034800	1488038400	5
47492	6731	2.33129859	1488034800	1488038400	5
47495	6734	1.40879095	1488034800	1488038400	5
47496	6735	2.15296602	1488034800	1488038400	5
47498	6737	1.74117911	1488034800	1488038400	5
47499	6738	1.39300299	1488034800	1488038400	5
47501	6740	1.90983236	1488034800	1488038400	5
47504	6743	1.41395748	1488034800	1488038400	5
47505	6744	2.04123521	1488034800	1488038400	5
47506	6745	1.60578859	1488034800	1488038400	5
47507	6748	2.20135236	1488034800	1488038400	5
47508	6749	1.58353674	1488034800	1488038400	5
47509	6750	2.01248884	1488034800	1488038400	5
47511	6752	1.75575531	1488034800	1488038400	5
47512	6753	1.87587798	1488034800	1488038400	5
47513	6758	2.08204341	1488034800	1488038400	5
47514	6759	2.8502152	1488034800	1488038400	5
47515	6760	1.94272876	1488034800	1488038400	5
47517	6766	0.281441927	1488034800	1488038400	5
47518	6767	0.622065604	1488034800	1488038400	5
47519	6768	0.161247075	1488034800	1488038400	5
47520	6769	1.49274826	1488034800	1488038400	5
47521	6666	3.18019819	1488038400	1488042000	5
47523	6669	1.87728071	1488038400	1488042000	5
47524	6670	0.345240057	1488038400	1488042000	5
47525	6671	0.58135432	1488038400	1488042000	5
47526	6672	1.28742373	1488038400	1488042000	5
47527	6673	1.27565181	1488038400	1488042000	5
47528	6674	2.90441704	1488038400	1488042000	5
47531	6677	1.58658993	1488038400	1488042000	5
47532	6678	2.19444537	1488038400	1488042000	5
47533	6679	2.65617371	1488038400	1488042000	5
47534	6681	2.10362434	1488038400	1488042000	5
47535	6682	2.86777925	1488038400	1488042000	5
47537	6684	2.6297884	1488038400	1488042000	5
47538	6685	0.533638954	1488038400	1488042000	5
47539	6686	1.3866998	1488038400	1488042000	5
47540	6687	0.301308215	1488038400	1488042000	5
47541	6689	3.16067219	1488038400	1488042000	5
47543	6691	0.948859215	1488038400	1488042000	5
47544	6694	0.782810092	1488038400	1488042000	5
47545	6695	2.74474812	1488038400	1488042000	5
47546	6696	0.435159773	1488038400	1488042000	5
47547	6697	2.89949918	1488038400	1488042000	5
47548	6698	0.551097929	1488038400	1488042000	5
47552	6702	2.87803698	1488038400	1488042000	5
47553	6703	2.87774658	1488038400	1488042000	5
47554	6704	1.66281962	1488038400	1488042000	5
47555	6705	2.15409827	1488038400	1488042000	5
47556	6707	0.975606084	1488038400	1488042000	5
47551	6701	0.831208825	1488038400	1488045600	5
47557	6708	0.0624236353	1488038400	1488045600	5
47479	6716	1.8362962	1488034800	1488045600	5
47473	6710	2.60992599	1488034800	1488038400	5
47563	6714	0.0205653626	1488038400	\N	5
47564	6715	0.423824877	1488038400	\N	5
47480	6717	1.75484025	1488034800	1488038400	5
47565	6717	0.410038769	1488038400	\N	5
47571	6724	0.296939969	1488038400	\N	5
47487	6725	1.35960984	1488034800	1488038400	5
47572	6725	1.25443888	1488038400	\N	5
47493	6732	1.49443471	1488034800	1488038400	5
47578	6732	1.56445658	1488038400	\N	5
47579	6734	0.35522452	1488038400	\N	5
47582	6738	0.276976883	1488038400	\N	5
47503	6742	1.93273222	1488034800	1488038400	5
47585	6743	1.13305473	1488038400	\N	5
47510	6751	1.79580581	1488034800	1488038400	5
47593	6752	0.0817322433	1488038400	\N	5
47516	6761	2.01570082	1488034800	1488038400	5
46475	6777	0.000739938405	1487923200	1488038400	5
47522	6667	1.07802546	1488038400	1488042000	5
47529	6675	0.621618569	1488038400	1488042000	5
47613	6675	0.284602046	1488042000	\N	5
47614	6677	0.920560896	1488042000	\N	5
47536	6683	0.830070019	1488038400	1488042000	5
47622	6686	0.428747743	1488042000	\N	5
47542	6690	2.57074142	1488038400	1488042000	5
47626	6691	0.119149819	1488042000	\N	5
47631	6698	0.182187438	1488042000	\N	5
47549	6699	1.93681276	1488038400	1488042000	5
47559	6710	2.41388607	1488038400	1488042000	5
47560	6711	0.503187895	1488038400	1488042000	5
47561	6712	2.91628933	1488038400	1488042000	5
47562	6713	1.58837998	1488038400	1488042000	5
47566	6719	2.68558717	1488038400	1488042000	5
47567	6720	2.136096	1488038400	1488042000	5
47568	6721	3.52908659	1488038400	1488042000	5
47569	6722	1.50468254	1488038400	1488042000	5
47570	6723	0.720363855	1488038400	1488042000	5
47573	6726	0.819814801	1488038400	1488042000	5
47574	6727	1.40458977	1488038400	1488042000	5
47575	6728	1.52415323	1488038400	1488042000	5
47576	6729	2.56924272	1488038400	1488042000	5
47577	6731	0.752484322	1488038400	1488042000	5
47580	6735	1.10853791	1488038400	1488042000	5
47581	6737	1.12979698	1488038400	1488042000	5
47583	6740	1.6818943	1488038400	1488042000	5
47587	6745	0.688884318	1488038400	1488042000	5
47655	6745	0.163456827	1488042000	\N	5
47588	6747	1.0666486	1488038400	1488042000	5
47589	6748	1.12257123	1488038400	1488042000	5
47590	6749	1.35164309	1488038400	1488042000	5
47592	6751	2.01448154	1488038400	1488045600	5
47594	6753	1.54745364	1488038400	1488045600	5
47596	6758	1.94469988	1488038400	1488045600	5
47595	6757	0.573974192	1488038400	1488042000	5
47623	6687	0.892214	1488042000	1488049200	5
47598	6760	0.21463111	1488038400	1488042000	5
47599	6761	1.55538237	1488038400	1488042000	5
47600	6766	0.761997521	1488038400	1488042000	5
47601	6767	1.22263622	1488038400	1488042000	5
47602	6768	2.01444077	1488038400	1488042000	5
47604	6777	0.11057245	1488038400	1488042000	5
47605	6666	1.59427893	1488042000	1488045600	5
47606	6667	0.231414825	1488042000	1488045600	5
47607	6669	0.876340687	1488042000	1488045600	5
47608	6670	0.454965681	1488042000	1488045600	5
47609	6671	1.37605906	1488042000	1488045600	5
47611	6673	0.0778867751	1488042000	1488045600	5
47612	6674	3.64544725	1488042000	1488045600	5
47615	6678	0.303258419	1488042000	1488045600	5
47616	6679	1.40071857	1488042000	1488045600	5
47617	6681	1.19903636	1488042000	1488045600	5
47619	6683	1.20336521	1488042000	1488045600	5
47620	6684	1.49223864	1488042000	1488045600	5
47621	6685	0.446418464	1488042000	1488045600	5
47624	6689	1.21624339	1488042000	1488045600	5
47625	6690	1.18512273	1488042000	1488045600	5
47628	6695	0.852693439	1488042000	1488045600	5
47629	6696	1.99019384	1488042000	1488045600	5
47630	6697	1.97393012	1488042000	1488045600	5
47632	6699	0.147796914	1488042000	1488045600	5
47633	6702	0.444732815	1488042000	1488045600	5
47634	6703	2.63649631	1488042000	1488045600	5
47636	6705	1.9269166	1488042000	1488045600	5
47637	6707	0.311444968	1488042000	1488045600	5
47638	6710	2.46708608	1488042000	1488045600	5
47639	6711	3.65211201	1488042000	1488045600	5
47640	6712	1.68776977	1488042000	1488045600	5
47642	6719	0.443693519	1488042000	1488045600	5
47643	6720	3.0321095	1488042000	1488045600	5
47644	6721	1.68008125	1488042000	1488045600	5
47645	6722	0.302968949	1488042000	1488045600	5
47646	6723	0.574879885	1488042000	1488045600	5
47648	6727	0.22741358	1488042000	1488045600	5
47649	6728	0.289138705	1488042000	1488045600	5
47650	6729	1.06056201	1488042000	1488045600	5
47651	6731	1.25769985	1488042000	1488045600	5
47652	6735	0.151960939	1488042000	1488045600	5
47653	6737	0.235187203	1488042000	1488045600	5
47584	6742	0.0748543069	1488038400	1488045600	5
47586	6744	0.116389491	1488038400	1488045600	5
47656	6747	0.445133805	1488042000	1488045600	5
47657	6748	0.9752056	1488042000	1488045600	5
47658	6749	0.20373717	1488042000	1488045600	5
47597	6759	1.99344385	1488038400	1488042000	5
46320	6765	0.821568906	1487916000	1488042000	5
47667	6765	0.0495100729	1488042000	\N	5
47603	6769	0.344391435	1488038400	1488042000	5
47671	6769	0.292926133	1488042000	\N	5
46404	6774	0.29478994	1487919600	1488042000	5
47672	6774	0.0235947091	1488042000	\N	5
47673	6776	0.0722392797	1488042000	\N	5
47674	6777	0.19117038	1488042000	\N	5
47676	6667	0.363713384	1488045600	\N	5
47678	6670	0.0798700228	1488045600	\N	5
47610	6672	1.27389038	1488042000	1488045600	5
47681	6673	0.453946561	1488045600	\N	5
47530	6676	0.205458403	1488038400	1488045600	5
47618	6682	1.91693389	1488042000	1488045600	5
47690	6685	0.0384941548	1488045600	\N	5
47627	6694	0.468263298	1488042000	1488045600	5
47693	6694	0.120475493	1488045600	\N	5
47635	6704	2.77572751	1488042000	1488045600	5
47641	6713	1.41759956	1488042000	1488045600	5
47709	6716	0.00629624585	1488045600	\N	5
47647	6726	0.611493766	1488042000	1488045600	5
47717	6728	0.15337944	1488045600	\N	5
47721	6737	0.0200118329	1488045600	\N	5
47654	6740	0.309256196	1488042000	1488045600	5
47722	6740	0.228288308	1488045600	\N	5
47725	6747	0.050327599	1488045600	\N	5
47727	6749	0.0682477504	1488045600	\N	5
47591	6750	1.07307017	1488038400	1488045600	5
47729	6751	0.0580971092	1488045600	\N	5
47730	6753	0.202152908	1488045600	\N	5
47664	6759	1.46918893	1488042000	1488045600	5
47665	6760	0.66153872	1488042000	1488045600	5
47666	6761	0.76724565	1488042000	1488045600	5
47734	6761	0.362585425	1488045600	\N	5
47668	6766	0.883788943	1488042000	1488045600	5
47669	6767	1.02972865	1488042000	1488045600	5
47670	6768	0.313528538	1488042000	1488045600	5
47675	6666	2.46880579	1488045600	1488049200	5
47677	6669	0.656985521	1488045600	1488049200	5
47739	6669	0.342208028	1488049200	\N	5
47679	6671	0.274787575	1488045600	1488049200	5
47740	6671	0.350026876	1488049200	\N	5
47680	6672	0.598733842	1488045600	1488049200	5
47741	6672	0.121714033	1488049200	\N	5
47682	6674	1.32208037	1488045600	1488049200	5
47684	6678	1.34939933	1488045600	1488049200	5
47743	6678	0.0215763804	1488049200	\N	5
47685	6679	2.00547814	1488045600	1488049200	5
47686	6681	0.282522529	1488045600	1488049200	5
47745	6681	0.317081988	1488049200	\N	5
47687	6682	2.16529322	1488045600	1488049200	5
47688	6683	0.490403175	1488045600	1488049200	5
47689	6684	1.5929985	1488045600	1488049200	5
47748	6684	0.279591411	1488049200	\N	5
47749	6687	0.0649841055	1488049200	\N	5
47691	6689	2.37033343	1488045600	1488049200	5
47692	6690	1.32898629	1488045600	1488049200	5
47751	6690	1.00823486	1488049200	\N	5
47695	6696	0.701483905	1488045600	1488049200	5
47696	6697	2.51040053	1488045600	1488049200	5
47697	6699	0.387825847	1488045600	1488049200	5
47699	6702	1.50435817	1488045600	1488049200	5
47700	6703	1.85741472	1488045600	1488049200	5
47701	6704	1.2226758	1488045600	1488049200	5
47702	6705	1.46939671	1488045600	1488049200	5
47705	6710	1.55933011	1488045600	1488049200	5
47706	6711	1.03987253	1488045600	1488049200	5
47707	6712	3.00146842	1488045600	1488049200	5
47708	6713	1.22734773	1488045600	1488049200	5
47711	6720	1.19868803	1488045600	1488056400	5
47683	6676	0.256505102	1488045600	1488110400	5
47713	6722	0.394250244	1488045600	1488049200	5
47714	6723	0.299520373	1488045600	1488049200	5
47718	6729	0.85031414	1488045600	1488049200	5
47719	6731	0.456191748	1488045600	1488049200	5
47720	6735	0.337048173	1488045600	1488049200	5
47731	6758	0.798268616	1488045600	1488049200	5
47732	6759	0.909575403	1488045600	1488049200	5
47735	6766	0.518415987	1488045600	1488049200	5
47736	6767	0.711387277	1488045600	1488049200	5
47737	6768	0.871958315	1488045600	1488049200	5
47742	6674	2.94296122	1488049200	1488052800	5
47744	6679	0.360657275	1488049200	1488052800	5
47746	6682	0.155001715	1488049200	1488052800	5
47747	6683	0.455749422	1488049200	1488052800	5
47750	6689	1.84351563	1488049200	1488052800	5
47694	6695	1.77943075	1488045600	1488052800	5
47753	6697	0.263894528	1488049200	1488052800	5
47755	6702	0.53456372	1488049200	1488052800	5
47756	6703	1.72037518	1488049200	1488052800	5
47757	6704	1.88495314	1488049200	1488052800	5
47758	6705	1.23218739	1488049200	1488052800	5
47760	6711	2.53675866	1488049200	1488052800	5
47761	6712	0.435489923	1488049200	1488052800	5
47762	6713	0.878334343	1488049200	1488052800	5
47710	6719	1.65791941	1488045600	1488052800	5
47754	6699	0.0718535781	1488049200	1488110400	5
47703	6707	0.26230672	1488045600	1488110400	5
47704	6708	0.132120684	1488045600	1488110400	5
47715	6726	0.15051949	1488045600	1488110400	5
47716	6727	0.374181747	1488045600	1488110400	5
47723	6742	0.102732264	1488045600	1488110400	5
47724	6744	0.211235106	1488045600	1488110400	5
47733	6760	0.146532685	1488045600	1488110400	5
47712	6721	3.20802546	1488045600	1488049200	5
47766	6722	0.0701140538	1488049200	\N	5
47768	6729	0.388294667	1488049200	\N	5
47726	6748	0.56838119	1488045600	1488049200	5
47772	6758	0.0850200206	1488049200	\N	5
47774	6766	0.240688875	1488049200	\N	5
47775	6767	0.53328681	1488049200	\N	5
47738	6666	0.67494005	1488049200	1488052800	5
47779	6679	0.126377121	1488052800	\N	5
47780	6682	1.02095258	1488052800	\N	5
47783	6695	0.682813108	1488052800	\N	5
47752	6696	0.865386128	1488049200	1488052800	5
47784	6696	0.312777162	1488052800	\N	5
47785	6697	1.20687807	1488052800	\N	5
47786	6702	0.375874817	1488052800	\N	5
47789	6705	0.166652307	1488052800	\N	5
47759	6710	0.649762571	1488049200	1488052800	5
47793	6713	0.152715042	1488052800	\N	5
47794	6719	0.117483921	1488052800	\N	5
47765	6721	1.18893826	1488049200	1488052800	5
47773	6759	0.393386364	1488049200	1488052800	5
47776	6768	0.12677598	1488049200	1488052800	5
47797	6768	0.0655785725	1488052800	\N	5
47777	6666	1.09646428	1488052800	1488056400	5
47798	6666	0.0487692952	1488056400	\N	5
47778	6674	0.661591947	1488052800	1488056400	5
47782	6689	0.466759026	1488052800	1488056400	5
47800	6689	0.516515374	1488056400	\N	5
47787	6703	0.43871364	1488052800	1488056400	5
47801	6703	0.541667223	1488056400	\N	5
47788	6704	0.51639384	1488052800	1488056400	5
47802	6704	0.631301105	1488056400	\N	5
47790	6710	0.982805848	1488052800	1488056400	5
47803	6710	0.0555540323	1488056400	\N	5
47791	6711	0.578163445	1488052800	1488056400	5
47805	6720	0.159624428	1488056400	\N	5
47795	6721	1.14745998	1488052800	1488056400	5
47770	6735	0.0369287021	1488049200	1488056400	5
47796	6759	0.181179166	1488052800	1488056400	5
47799	6674	1.18074012	1488056400	1488060000	5
47809	6674	0.298387289	1488060000	\N	5
47792	6712	1.22999573	1488052800	1488060000	5
47806	6721	0.505837023	1488056400	1488060000	5
47811	6721	0.0842758939	1488060000	\N	5
47807	6735	0.0105775595	1488056400	1488067200	5
47808	6759	0.0756924003	1488056400	1488067200	5
47812	6735	0.0105775595	1488067200	1488099600	5
47813	6759	0.0210099034	1488067200	1488099600	5
47816	6676	0.246505111	1488110400	\N	5
47781	6683	0.0196552854	1488052800	1488110400	5
47817	6683	0.23938337	1488110400	\N	5
47818	6699	0.198624656	1488110400	\N	5
47698	6701	0.0650397316	1488045600	1488110400	5
47819	6701	0.0533094853	1488110400	\N	5
47820	6707	0.179636225	1488110400	\N	5
47821	6708	0.122120678	1488110400	\N	5
47804	6711	1.12532318	1488056400	1488110400	5
47822	6711	0.116844572	1488110400	\N	5
47810	6712	0.251707852	1488060000	1488110400	5
47823	6712	0.0251228139	1488110400	\N	5
47767	6723	0.028915029	1488049200	1488110400	5
47824	6723	0.122961089	1488110400	\N	5
47825	6726	0.0182207283	1488110400	\N	5
47826	6727	0.148557767	1488110400	\N	5
47769	6731	0.0559090227	1488049200	1488110400	5
47827	6731	0.0486987159	1488110400	\N	5
47814	6735	0.0405775607	1488099600	1488110400	5
47829	6742	0.0927322656	1488110400	\N	5
47830	6744	0.201235101	1488110400	\N	5
47771	6748	0.0169625506	1488049200	1488110400	5
47831	6748	0.1357577	1488110400	\N	5
47728	6750	0.219659939	1488045600	1488110400	5
47832	6750	0.0846230015	1488110400	\N	5
47815	6759	0.0510099046	1488099600	1488110400	5
47834	6760	0.0262757745	1488110400	\N	5
47828	6735	0.290577561	1488110400	1488114000	5
47835	6735	0.0277550258	1488114000	\N	5
47833	6759	0.301009893	1488110400	1488114000	5
47836	6759	0.0600917339	1488114000	\N	5
\.


--
-- TOC entry 3528 (class 0 OID 0)
-- Dependencies: 190
-- Name: cell_height_water_id_seq; Type: SEQUENCE SET; Schema: public; Owner: postgres
--

SELECT pg_catalog.setval('cell_height_water_id_seq', 47836, true);


--
-- TOC entry 3529 (class 0 OID 0)
-- Dependencies: 189
-- Name: cell_id_seq; Type: SEQUENCE SET; Schema: public; Owner: postgres
--

SELECT pg_catalog.setval('cell_id_seq', 7002, true);


--
-- TOC entry 3497 (class 0 OID 27010)
-- Dependencies: 185
-- Data for Name: cell_state; Type: TABLE DATA; Schema: public; Owner: postgres
--

COPY cell_state (id, cell_id, state_id, project_id, start_time, end_time) FROM stdin;
5883	6671	1	5	1487840400	1487851200
5897	6691	1	5	1487840400	1487851200
5898	6693	1	5	1487840400	1487851200
5884	6672	1	5	1487840400	1487851200
5885	6673	1	5	1487840400	1487851200
5886	6674	1	5	1487840400	1487851200
5904	6701	1	5	1487840400	1487851200
5887	6675	1	5	1487840400	1487851200
5888	6676	1	5	1487840400	1487851200
5907	6708	1	5	1487840400	1487851200
5912	6717	1	5	1487840400	1487851200
5913	6720	1	5	1487840400	1487851200
5916	6726	1	5	1487840400	1487851200
5889	6678	1	5	1487840400	1487851200
5890	6679	1	5	1487840400	1487851200
5922	6737	1	5	1487840400	1487851200
5923	6740	1	5	1487840400	1487851200
5925	6744	1	5	1487840400	1487851200
5926	6745	1	5	1487840400	1487851200
5927	6748	1	5	1487840400	1487851200
5891	6680	1	5	1487840400	1487851200
5931	6753	1	5	1487840400	1487851200
5932	6758	1	5	1487840400	1487851200
5892	6682	1	5	1487840400	1487851200
5935	6761	1	5	1487840400	1487851200
5938	6768	1	5	1487844000	1487854800
5899	6694	1	5	1487840400	1487851200
5900	6695	1	5	1487840400	1487851200
5901	6697	1	5	1487840400	1487851200
5902	6698	1	5	1487840400	1487851200
5905	6704	1	5	1487840400	1487851200
5909	6712	1	5	1487840400	1487851200
5910	6713	1	5	1487840400	1487851200
5914	6721	1	5	1487840400	1487851200
5915	6723	1	5	1487840400	1487851200
5937	6767	1	5	1487844000	1487854800
5917	6727	1	5	1487840400	1487851200
5918	6728	1	5	1487840400	1487851200
5919	6731	1	5	1487840400	1487851200
5920	6735	1	5	1487840400	1487851200
5921	6736	1	5	1487840400	1487851200
5924	6742	1	5	1487840400	1487851200
5928	6750	1	5	1487840400	1487851200
5929	6751	1	5	1487840400	1487851200
5930	6752	1	5	1487840400	1487851200
5934	6760	1	5	1487840400	1487851200
5936	6722	1	5	1487844000	1487854800
5942	6669	1	5	1487851200	1487970000
5881	6666	1	5	1487840400	1487851200
5882	6669	1	5	1487840400	1487851200
5893	6683	1	5	1487840400	1487851200
5894	6685	1	5	1487840400	1487851200
5895	6687	1	5	1487840400	1487851200
5896	6689	1	5	1487840400	1487851200
5903	6699	1	5	1487840400	1487851200
5906	6707	1	5	1487840400	1487851200
5908	6711	1	5	1487840400	1487851200
5911	6716	1	5	1487840400	1487851200
5987	6714	1	5	1487851200	1487912400
5985	6712	1	5	1487851200	1487959200
5968	6695	1	5	1487851200	1487970000
5986	6713	1	5	1487851200	1487970000
5981	6708	1	5	1487851200	1487959200
5941	6668	1	5	1487851200	1487970000
5963	6690	1	5	1487851200	1487970000
5974	6701	1	5	1487851200	1487959200
5980	6707	1	5	1487851200	1487959200
5979	6706	1	5	1487851200	1487970000
5943	6670	1	5	1487851200	1487970000
5951	6678	1	5	1487851200	1487970000
5955	6682	1	5	1487851200	1487970000
5964	6691	1	5	1487851200	1487970000
5966	6693	1	5	1487851200	1487970000
5970	6697	1	5	1487851200	1487970000
5945	6672	1	5	1487851200	1487959200
5957	6684	1	5	1487851200	1487970000
5949	6676	1	5	1487851200	1487937600
5954	6681	1	5	1487851200	1487937600
5947	6674	1	5	1487851200	1487970000
5933	6759	1	5	1487840400	1487937600
5946	6673	1	5	1487851200	1487970000
5960	6687	1	5	1487851200	1487970000
5962	6689	1	5	1487851200	1487959200
5961	6688	1	5	1487851200	1488049200
5969	6696	1	5	1487851200	1487970000
5959	6686	1	5	1487851200	1487991600
5952	6679	1	5	1487851200	1487959200
5983	6710	1	5	1487851200	1487991600
5956	6683	1	5	1487851200	1487959200
5953	6680	1	5	1487851200	1487970000
5988	6715	1	5	1487851200	1487970000
5940	6667	1	5	1487851200	1487970000
5950	6677	1	5	1487851200	1487980800
5971	6698	1	5	1487851200	1487970000
5977	6704	1	5	1487851200	1487970000
5972	6699	1	5	1487851200	1487959200
5976	6703	1	5	1487851200	1487970000
5939	6666	1	5	1487851200	1487970000
5948	6675	1	5	1487851200	1487970000
5944	6671	1	5	1487851200	1487959200
6083	6758	1	5	1487959200	1487970000
6010	6739	1	5	1487851200	1487858400
6040	6764	1	5	1487858400	1488117600
6015	6744	1	5	1487851200	1487862000
6059	6672	1	5	1487959200	1487970000
6043	6744	1	5	1487862000	1487883600
6041	6774	1	5	1487858400	1488042000
6049	6762	1	5	1487894400	1487923200
6023	6758	1	5	1487851200	1487966400
6047	6744	1	5	1487883600	1487894400
6084	6759	1	5	1487959200	1487970000
6006	6735	1	5	1487851200	1487937600
6017	6748	1	5	1487851200	1487959200
6034	6765	1	5	1487854800	1488042000
6004	6733	1	5	1487851200	1487908800
6057	6759	1	5	1487937600	1487959200
6024	6760	1	5	1487851200	1487959200
6026	6769	1	5	1487851200	1487980800
6008	6737	1	5	1487851200	1487970000
6042	6776	1	5	1487858400	1488042000
6077	6731	1	5	1487959200	1487962800
6070	6711	1	5	1487959200	1487966400
6052	6714	1	5	1487919600	1487923200
5995	6723	1	5	1487851200	1487959200
6029	6746	1	5	1487854800	1488117600
6005	6734	1	5	1487851200	1487970000
6069	6708	1	5	1487959200	1487970000
6072	6716	1	5	1487959200	1487970000
6022	6753	1	5	1487851200	1487970000
5993	6720	1	5	1487851200	1487970000
6073	6721	1	5	1487959200	1487962800
6053	6725	1	5	1487923200	1487926800
5994	6721	1	5	1487851200	1487970000
5998	6726	1	5	1487851200	1487959200
6011	6740	1	5	1487851200	1487970000
5999	6727	1	5	1487851200	1487966400
6033	6757	1	5	1487854800	1487995200
6048	6744	1	5	1487894400	1487959200
6054	6676	1	5	1487937600	1487959200
6036	6767	1	5	1487854800	1487973600
6000	6728	1	5	1487851200	1487970000
6001	6729	1	5	1487851200	1487970000
5991	6718	1	5	1487851200	1488117600
6050	6733	1	5	1487908800	1487970000
6044	6763	1	5	1487862000	1488117600
6071	6712	1	5	1487959200	1487970000
6078	6735	1	5	1487959200	1487966400
6009	6738	1	5	1487851200	1487970000
6027	6722	1	5	1487854800	1487973600
6075	6726	1	5	1487959200	1487970000
6038	6777	1	5	1487854800	1488038400
5958	6685	1	5	1487851200	1487959200
6013	6742	1	5	1487851200	1487959200
6035	6766	1	5	1487854800	1487995200
6014	6743	1	5	1487851200	1487970000
6016	6745	1	5	1487851200	1487970000
6018	6749	1	5	1487851200	1487970000
6082	6750	1	5	1487959200	1487970000
6019	6750	1	5	1487851200	1487959200
6045	6773	1	5	1487862000	1488117600
6037	6768	1	5	1487854800	1487962800
6007	6736	1	5	1487851200	1487970000
6030	6747	1	5	1487854800	1487995200
5965	6692	1	5	1487851200	1488114000
6039	6739	1	5	1487858400	1487970000
6080	6744	1	5	1487959200	1487970000
5996	6724	1	5	1487851200	1487980800
6085	6760	1	5	1487959200	1487970000
6058	6671	1	5	1487959200	1487970000
6062	6683	1	5	1487959200	1487970000
6064	6689	1	5	1487959200	1487970000
6074	6723	1	5	1487959200	1487970000
5967	6694	1	5	1487851200	1487959200
5989	6716	1	5	1487851200	1487959200
6076	6727	1	5	1487959200	1487970000
6060	6676	1	5	1487959200	1487970000
6061	6679	1	5	1487959200	1487970000
6063	6685	1	5	1487959200	1487970000
6065	6694	1	5	1487959200	1487970000
6003	6732	1	5	1487851200	1487980800
6066	6699	1	5	1487959200	1487970000
5973	6700	1	5	1487851200	1487970000
6067	6701	1	5	1487959200	1487970000
5978	6705	1	5	1487851200	1487970000
5982	6709	1	5	1487851200	1487970000
5984	6711	1	5	1487851200	1487970000
5990	6717	1	5	1487851200	1487970000
5992	6719	1	5	1487851200	1487970000
6012	6741	1	5	1487851200	1487980800
6028	6730	1	5	1487854800	1488038400
6002	6731	1	5	1487851200	1487970000
6056	6735	1	5	1487937600	1487970000
6032	6756	1	5	1487854800	1488117600
6081	6748	1	5	1487959200	1487970000
6021	6752	1	5	1487851200	1487970000
6025	6761	1	5	1487851200	1487970000
6031	6755	1	5	1487854800	1488117600
6068	6707	1	5	1487959200	1487970000
6051	6714	1	5	1487912400	1487970000
6079	6742	1	5	1487959200	1487970000
6116	6700	1	5	1487970000	1487980800
6110	6694	1	5	1487970000	1487980800
6117	6701	1	5	1487970000	1487980800
6104	6685	1	5	1487970000	1487980800
5975	6702	1	5	1487851200	1487970000
5997	6725	1	5	1487851200	1487970000
6020	6751	1	5	1487851200	1487970000
6105	6687	1	5	1487970000	1487980800
6089	6668	1	5	1487970000	1487980800
6091	6670	1	5	1487970000	1487980800
6106	6689	1	5	1487970000	1487980800
6092	6671	1	5	1487970000	1487980800
6093	6672	1	5	1487970000	1487980800
6107	6690	1	5	1487970000	1487980800
6097	6676	1	5	1487970000	1487980800
6055	6681	1	5	1487937600	1487980800
6108	6691	1	5	1487970000	1487980800
6109	6693	1	5	1487970000	1487980800
6118	6702	1	5	1487970000	1487980800
6119	6703	1	5	1487970000	1487980800
6120	6704	1	5	1487970000	1487980800
6121	6705	1	5	1487970000	1487980800
6131	6716	1	5	1487970000	1487980800
6134	6720	1	5	1487970000	1487980800
6135	6721	1	5	1487970000	1487980800
6169	6666	1	5	1487980800	1487991600
6137	6725	1	5	1487970000	1487980800
6123	6707	1	5	1487970000	1487980800
6125	6709	1	5	1487970000	1487980800
6138	6726	1	5	1487970000	1487980800
6139	6727	1	5	1487970000	1487980800
6129	6714	1	5	1487970000	1487980800
6130	6715	1	5	1487970000	1487980800
6141	6729	1	5	1487970000	1487980800
6132	6717	1	5	1487970000	1487980800
6133	6719	1	5	1487970000	1487980800
6142	6731	1	5	1487970000	1487980800
6143	6733	1	5	1487970000	1487980800
6153	6744	1	5	1487970000	1487980800
6144	6734	1	5	1487970000	1487980800
6156	6749	1	5	1487970000	1487980800
6147	6737	1	5	1487970000	1487980800
6157	6750	1	5	1487970000	1487980800
6150	6740	1	5	1487970000	1487980800
6158	6751	1	5	1487970000	1487980800
6152	6743	1	5	1487970000	1487980800
6166	6767	1	5	1487973600	1487984400
6154	6745	1	5	1487970000	1487980800
6155	6748	1	5	1487970000	1487980800
6167	6768	1	5	1487973600	1487984400
6160	6753	1	5	1487970000	1487980800
6164	6761	1	5	1487970000	1487980800
6086	6768	1	5	1487962800	1487973600
6090	6669	1	5	1487970000	1487980800
6094	6673	1	5	1487970000	1487980800
6096	6675	1	5	1487970000	1487980800
6100	6680	1	5	1487970000	1487980800
6101	6682	1	5	1487970000	1487980800
6102	6683	1	5	1487970000	1487980800
6103	6684	1	5	1487970000	1487980800
6111	6695	1	5	1487970000	1487980800
6112	6696	1	5	1487970000	1487980800
6113	6697	1	5	1487970000	1487980800
6114	6698	1	5	1487970000	1487980800
6122	6706	1	5	1487970000	1487980800
6124	6708	1	5	1487970000	1487980800
6128	6713	1	5	1487970000	1487980800
6127	6712	1	5	1487970000	1487977200
6140	6728	1	5	1487970000	1487980800
6145	6735	1	5	1487970000	1487980800
6146	6736	1	5	1487970000	1487980800
6148	6738	1	5	1487970000	1487980800
6149	6739	1	5	1487970000	1487980800
6151	6742	1	5	1487970000	1487980800
6159	6752	1	5	1487970000	1487980800
6161	6758	1	5	1487970000	1487980800
6163	6760	1	5	1487970000	1487980800
6087	6666	1	5	1487970000	1487980800
6088	6667	1	5	1487970000	1487980800
6098	6678	1	5	1487970000	1487980800
6170	6667	1	5	1487980800	1487991600
6173	6670	1	5	1487980800	1487991600
6171	6668	1	5	1487980800	1487991600
6172	6669	1	5	1487980800	1487991600
6175	6672	1	5	1487980800	1487991600
6179	6677	1	5	1487980800	1487991600
6178	6676	1	5	1487980800	1487991600
6181	6680	1	5	1487980800	1487991600
6182	6681	1	5	1487980800	1487991600
6184	6683	1	5	1487980800	1487991600
6126	6711	1	5	1487970000	1488013200
6165	6722	1	5	1487973600	1487984400
6176	6673	1	5	1487980800	1487991600
6177	6675	1	5	1487980800	1487991600
6180	6678	1	5	1487980800	1487991600
6183	6682	1	5	1487980800	1487991600
6095	6674	1	5	1487970000	1488024000
6115	6699	1	5	1487970000	1488013200
6162	6759	1	5	1487970000	1488013200
6099	6679	1	5	1487970000	1488024000
6136	6723	1	5	1487970000	1487980800
6220	6728	1	5	1487980800	1487991600
6221	6729	1	5	1487980800	1487991600
6222	6731	1	5	1487980800	1487991600
6223	6732	1	5	1487980800	1487991600
6194	6696	1	5	1487980800	1487991600
6224	6733	1	5	1487980800	1487991600
6227	6736	1	5	1487980800	1487991600
6229	6738	1	5	1487980800	1487991600
6230	6739	1	5	1487980800	1487991600
6232	6741	1	5	1487980800	1487991600
6235	6744	1	5	1487980800	1487991600
6238	6749	1	5	1487980800	1487991600
6204	6707	1	5	1487980800	1487991600
6206	6709	1	5	1487980800	1487991600
6239	6750	1	5	1487980800	1487991600
6208	6714	1	5	1487980800	1487991600
6209	6715	1	5	1487980800	1487991600
6240	6751	1	5	1487980800	1487991600
6211	6717	1	5	1487980800	1487991600
6212	6719	1	5	1487980800	1487991600
6241	6752	1	5	1487980800	1487991600
6244	6760	1	5	1487980800	1487991600
6253	6668	1	5	1487991600	1488024000
6225	6734	1	5	1487980800	1487991600
6228	6737	1	5	1487980800	1487991600
6231	6740	1	5	1487980800	1487991600
6233	6742	1	5	1487980800	1487991600
6234	6743	1	5	1487980800	1487991600
6236	6745	1	5	1487980800	1487991600
6237	6748	1	5	1487980800	1487991600
6185	6684	1	5	1487980800	1487991600
6242	6753	1	5	1487980800	1487991600
6245	6761	1	5	1487980800	1487991600
6186	6685	1	5	1487980800	1487991600
6191	6693	1	5	1487980800	1487991600
6192	6694	1	5	1487980800	1487991600
6193	6695	1	5	1487980800	1487991600
6195	6697	1	5	1487980800	1487991600
6196	6698	1	5	1487980800	1487991600
6197	6700	1	5	1487980800	1487991600
6198	6701	1	5	1487980800	1487991600
6199	6702	1	5	1487980800	1487991600
6200	6703	1	5	1487980800	1487991600
6201	6704	1	5	1487980800	1487991600
6202	6705	1	5	1487980800	1487991600
6203	6706	1	5	1487980800	1487991600
6205	6708	1	5	1487980800	1487991600
6207	6713	1	5	1487980800	1487991600
6168	6712	1	5	1487977200	1487988000
6210	6716	1	5	1487980800	1487991600
6213	6720	1	5	1487980800	1487991600
6214	6721	1	5	1487980800	1487991600
6248	6767	1	5	1487984400	1487995200
6216	6724	1	5	1487980800	1487991600
6217	6725	1	5	1487980800	1487991600
6218	6726	1	5	1487980800	1487991600
6219	6727	1	5	1487980800	1487991600
6256	6671	1	5	1487991600	1488002400
6257	6672	1	5	1487991600	1488024000
6187	6687	1	5	1487980800	1487991600
6188	6689	1	5	1487980800	1487991600
6189	6690	1	5	1487980800	1487991600
6190	6691	1	5	1487980800	1487991600
6215	6723	1	5	1487980800	1487991600
6246	6769	1	5	1487980800	1487991600
6254	6669	1	5	1487991600	1488024000
6264	6681	1	5	1487991600	1488024000
6261	6677	1	5	1487991600	1488024000
6277	6696	1	5	1487991600	1488024000
6275	6694	1	5	1487991600	1488024000
6287	6707	1	5	1487991600	1488013200
6250	6712	1	5	1487988000	1488024000
6226	6735	1	5	1487980800	1488013200
6174	6671	1	5	1487980800	1488024000
6266	6683	1	5	1487991600	1488013200
6267	6684	1	5	1487991600	1488024000
6273	6691	1	5	1487991600	1488024000
6279	6698	1	5	1487991600	1488024000
6274	6693	1	5	1487991600	1488024000
6276	6695	1	5	1487991600	1488024000
6280	6700	1	5	1487991600	1488024000
6249	6768	1	5	1487984400	1488027600
6283	6703	1	5	1487991600	1488024000
6243	6758	1	5	1487980800	1488024000
6252	6667	1	5	1487991600	1488024000
6268	6685	1	5	1487991600	1488024000
6288	6708	1	5	1487991600	1488013200
6262	6678	1	5	1487991600	1488024000
6259	6675	1	5	1487991600	1488024000
6265	6682	1	5	1487991600	1488024000
6281	6701	1	5	1487991600	1488013200
6269	6686	1	5	1487991600	1488024000
6271	6689	1	5	1487991600	1488024000
6286	6706	1	5	1487991600	1488024000
6284	6704	1	5	1487991600	1488002400
6278	6697	1	5	1487991600	1488024000
6251	6666	1	5	1487991600	1488024000
6255	6670	1	5	1487991600	1488024000
6272	6690	1	5	1487991600	1488024000
6295	6717	1	5	1487991600	1488024000
6247	6722	1	5	1487984400	1487995200
6299	6723	1	5	1487991600	1488013200
6309	6734	1	5	1487991600	1488024000
6311	6737	1	5	1487991600	1488024000
6303	6727	1	5	1487991600	1488013200
6314	6740	1	5	1487991600	1488024000
6345	6742	1	5	1488013200	1488024000
6325	6753	1	5	1487991600	1488024000
6327	6761	1	5	1487991600	1488024000
6333	6767	1	5	1487995200	1488027600
6292	6714	1	5	1487991600	1488024000
6293	6715	1	5	1487991600	1488024000
6352	6668	1	5	1488024000	1488034800
6353	6669	1	5	1488024000	1488034800
6307	6732	1	5	1487991600	1488024000
6344	6735	1	5	1488013200	1488024000
6312	6738	1	5	1487991600	1488024000
6313	6739	1	5	1487991600	1488024000
6285	6705	1	5	1487991600	1488024000
6316	6742	1	5	1487991600	1488013200
6341	6711	1	5	1488013200	1488024000
6318	6744	1	5	1487991600	1488013200
6317	6743	1	5	1487991600	1488024000
6320	6748	1	5	1487991600	1488013200
6322	6750	1	5	1487991600	1488013200
6335	6676	1	5	1488013200	1488016800
6270	6687	1	5	1487991600	1488024000
6291	6713	1	5	1487991600	1488024000
6282	6702	1	5	1487991600	1488024000
6319	6745	1	5	1487991600	1488024000
6297	6720	1	5	1487991600	1488024000
6298	6721	1	5	1487991600	1488024000
6347	6748	1	5	1488013200	1488024000
6342	6723	1	5	1488013200	1488024000
6302	6726	1	5	1487991600	1488024000
6343	6727	1	5	1488013200	1488024000
6304	6728	1	5	1487991600	1488024000
6305	6729	1	5	1487991600	1488024000
6306	6731	1	5	1487991600	1488024000
6308	6733	1	5	1487991600	1488024000
6310	6736	1	5	1487991600	1488024000
6315	6741	1	5	1487991600	1488024000
6258	6673	1	5	1487991600	1488024000
6346	6744	1	5	1488013200	1488024000
6339	6707	1	5	1488013200	1488024000
6340	6708	1	5	1488013200	1488024000
6289	6709	1	5	1487991600	1488024000
6331	6757	1	5	1487995200	1488027600
6321	6749	1	5	1487991600	1488024000
6348	6750	1	5	1488013200	1488024000
6290	6710	1	5	1487991600	1488024000
6260	6676	1	5	1487991600	1488024000
6294	6716	1	5	1487991600	1488024000
6296	6719	1	5	1487991600	1488024000
6351	6667	1	5	1488024000	1488034800
6300	6724	1	5	1487991600	1488024000
6301	6725	1	5	1487991600	1488024000
6263	6680	1	5	1487991600	1488024000
6349	6759	1	5	1488013200	1488024000
6328	6769	1	5	1487991600	1488024000
6323	6751	1	5	1487991600	1488024000
6324	6752	1	5	1487991600	1488024000
6332	6766	1	5	1487995200	1488027600
6326	6760	1	5	1487991600	1488024000
6354	6670	1	5	1488024000	1488034800
6336	6683	1	5	1488013200	1488024000
6337	6699	1	5	1488013200	1488024000
6338	6701	1	5	1488013200	1488024000
6334	6704	1	5	1488002400	1488024000
6359	6675	1	5	1488024000	1488034800
6370	6686	1	5	1488024000	1488034800
6382	6700	1	5	1488024000	1488034800
6363	6679	1	5	1488024000	1488114000
6329	6722	1	5	1487995200	1488027600
6357	6673	1	5	1488024000	1488034800
6360	6676	1	5	1488024000	1488034800
6364	6680	1	5	1488024000	1488034800
6374	6691	1	5	1488024000	1488034800
6375	6693	1	5	1488024000	1488034800
6383	6701	1	5	1488024000	1488034800
6377	6695	1	5	1488024000	1488052800
6358	6674	1	5	1488024000	1488114000
6366	6682	1	5	1488024000	1488114000
6355	6671	1	5	1488024000	1488052800
6386	6704	1	5	1488024000	1488117600
6356	6672	1	5	1488024000	1488052800
6362	6678	1	5	1488024000	1488114000
6365	6681	1	5	1488024000	1488052800
6385	6703	1	5	1488024000	1488117600
6378	6696	1	5	1488024000	1488114000
6350	6666	1	5	1488024000	1488060000
6368	6684	1	5	1488024000	1488114000
6381	6699	1	5	1488024000	1488110400
6369	6685	1	5	1488024000	1488114000
6367	6683	1	5	1488024000	1488110400
6361	6677	1	5	1488024000	1488114000
6379	6697	1	5	1488024000	1488117600
6046	6762	1	5	1487869200	1488117600
6380	6698	1	5	1488024000	1488114000
6390	6708	1	5	1488024000	1488034800
6391	6709	1	5	1488024000	1488034800
6420	6741	1	5	1488024000	1488034800
6421	6742	1	5	1488024000	1488034800
6396	6714	1	5	1488024000	1488034800
6371	6687	1	5	1488024000	1488049200
6330	6747	1	5	1487995200	1488027600
6397	6715	1	5	1488024000	1488034800
6422	6743	1	5	1488024000	1488034800
6395	6713	1	5	1488024000	1488031200
6423	6744	1	5	1488024000	1488034800
6424	6745	1	5	1488024000	1488034800
6456	6701	1	5	1488034800	1488045600
6429	6752	1	5	1488024000	1488034800
6459	6708	1	5	1488034800	1488045600
6450	6680	1	5	1488034800	1488038400
6453	6693	1	5	1488034800	1488038400
6458	6706	1	5	1488034800	1488038400
6463	6716	1	5	1488034800	1488038400
6468	6733	1	5	1488034800	1488038400
6470	6736	1	5	1488034800	1488038400
6376	6694	1	5	1488024000	1488034800
6387	6705	1	5	1488024000	1488034800
6388	6706	1	5	1488024000	1488034800
6465	6724	1	5	1488034800	1488045600
6399	6717	1	5	1488024000	1488034800
6466	6725	1	5	1488034800	1488049200
6467	6732	1	5	1488034800	1488103200
6469	6734	1	5	1488034800	1488114000
6412	6733	1	5	1488024000	1488034800
6413	6734	1	5	1488024000	1488034800
6415	6736	1	5	1488024000	1488034800
6417	6738	1	5	1488024000	1488034800
6418	6739	1	5	1488024000	1488034800
6435	6769	1	5	1488024000	1488034800
6473	6741	1	5	1488034800	1488042000
6476	6744	1	5	1488034800	1488045600
6437	6747	1	5	1488027600	1488038400
6438	6757	1	5	1488027600	1488038400
6444	6668	1	5	1488034800	1488042000
6461	6714	1	5	1488034800	1488049200
6464	6717	1	5	1488034800	1488114000
6489	6716	1	5	1488045600	1488049200
6398	6716	1	5	1488024000	1488045600
6409	6729	1	5	1488024000	1488117600
6480	6747	1	5	1488038400	1488117600
6416	6737	1	5	1488024000	1488114000
6475	6743	1	5	1488034800	1488117600
6481	6757	1	5	1488038400	1488117600
6472	6739	1	5	1488034800	1488045600
6474	6742	1	5	1488034800	1488045600
6425	6748	1	5	1488024000	1488110400
6483	6765	1	5	1488042000	1488117600
6478	6752	1	5	1488034800	1488042000
6448	6675	1	5	1488034800	1488045600
6449	6676	1	5	1488034800	1488045600
6414	6735	1	5	1488024000	1488056400
6389	6707	1	5	1488024000	1488110400
6445	6669	1	5	1488034800	1488114000
6462	6715	1	5	1488034800	1488114000
6411	6732	1	5	1488024000	1488117600
6460	6709	1	5	1488034800	1488114000
6436	6722	1	5	1488027600	1488114000
6451	6686	1	5	1488034800	1488114000
6443	6667	1	5	1488034800	1488049200
6446	6670	1	5	1488034800	1488049200
6454	6694	1	5	1488034800	1488114000
6487	6701	1	5	1488045600	1488110400
6457	6705	1	5	1488034800	1488114000
6488	6708	1	5	1488045600	1488110400
6393	6711	1	5	1488024000	1488110400
6402	6721	1	5	1488024000	1488117600
6405	6725	1	5	1488024000	1488117600
6477	6745	1	5	1488034800	1488114000
6479	6769	1	5	1488034800	1488117600
6433	6760	1	5	1488024000	1488110400
6491	6744	1	5	1488045600	1488110400
6430	6753	1	5	1488024000	1488114000
6426	6749	1	5	1488024000	1488117600
6440	6767	1	5	1488027600	1488117600
6403	6723	1	5	1488024000	1488110400
6431	6758	1	5	1488024000	1488117600
6485	6776	1	5	1488042000	1488117600
6439	6766	1	5	1488027600	1488117600
6404	6724	1	5	1488024000	1488114000
6406	6726	1	5	1488024000	1488110400
6419	6740	1	5	1488024000	1488117600
6490	6742	1	5	1488045600	1488110400
6428	6751	1	5	1488024000	1488117600
6434	6761	1	5	1488024000	1488114000
6482	6777	1	5	1488038400	1488117600
6484	6774	1	5	1488042000	1488117600
6486	6676	1	5	1488045600	1488110400
6410	6731	1	5	1488024000	1488110400
6442	6713	1	5	1488031200	1488056400
6401	6720	1	5	1488024000	1488056400
6392	6710	1	5	1488024000	1488117600
6407	6727	1	5	1488024000	1488110400
6394	6712	1	5	1488024000	1488060000
6441	6768	1	5	1488027600	1488114000
6447	6673	1	5	1488034800	1488052800
6471	6738	1	5	1488034800	1488114000
6514	6742	1	5	1488110400	1488114000
6515	6744	1	5	1488110400	1488114000
6517	6750	1	5	1488110400	1488114000
6519	6760	1	5	1488110400	1488114000
6372	6689	1	5	1488024000	1488117600
6384	6702	1	5	1488024000	1488117600
6507	6711	1	5	1488110400	1488117600
6508	6712	1	5	1488110400	1488117600
6400	6719	1	5	1488024000	1488117600
6494	6720	1	5	1488056400	1488117600
6510	6726	1	5	1488110400	1488117600
6511	6727	1	5	1488110400	1488117600
6495	6735	1	5	1488056400	1488067200
6432	6759	1	5	1488024000	1488067200
6408	6728	1	5	1488024000	1488117600
6513	6735	1	5	1488110400	1488117600
6516	6748	1	5	1488110400	1488117600
6427	6750	1	5	1488024000	1488117600
6518	6759	1	5	1488110400	1488117600
6497	6735	1	5	1488067200	1488099600
6498	6759	1	5	1488067200	1488099600
6496	6712	1	5	1488060000	1488110400
6499	6735	1	5	1488099600	1488110400
6500	6759	1	5	1488099600	1488110400
6501	6676	1	5	1488110400	1488114000
6502	6683	1	5	1488110400	1488114000
6492	6687	1	5	1488049200	1488114000
6373	6690	1	5	1488024000	1488114000
6452	6691	1	5	1488034800	1488114000
6493	6695	1	5	1488052800	1488114000
6503	6699	1	5	1488110400	1488114000
6455	6700	1	5	1488034800	1488114000
6504	6701	1	5	1488110400	1488114000
6505	6707	1	5	1488110400	1488114000
6506	6708	1	5	1488110400	1488114000
6509	6723	1	5	1488110400	1488114000
6512	6731	1	5	1488110400	1488114000
\.


--
-- TOC entry 3530 (class 0 OID 0)
-- Dependencies: 191
-- Name: cell_state_id_seq; Type: SEQUENCE SET; Schema: public; Owner: postgres
--

SELECT pg_catalog.setval('cell_state_id_seq', 6519, true);


--
-- TOC entry 3495 (class 0 OID 26874)
-- Dependencies: 183
-- Data for Name: district; Type: TABLE DATA; Schema: public; Owner: postgres
--

COPY district (id, area, name, state, country) FROM stdin;
1	\N	East Jakarta	Jakarta	ID
2	\N	Bandung	West Java	ID
3	\N	North Jakarta	Jakarta	ID
4	\N		Jakarta	ID
5	\N	Pluit	Jakarta	ID
\.


--
-- TOC entry 3531 (class 0 OID 0)
-- Dependencies: 192
-- Name: district_id_seq; Type: SEQUENCE SET; Schema: public; Owner: postgres
--

SELECT pg_catalog.setval('district_id_seq', 5, true);


--
-- TOC entry 3508 (class 0 OID 38759)
-- Dependencies: 211
-- Data for Name: project; Type: TABLE DATA; Schema: public; Owner: postgres
--

COPY project (id, name, description, cell_size, time_step, end_time, done, model, area, variable_id, start_time) FROM stdin;
5	demo	test	100	60	1488132000	t	Prasetya	0103000020E6100000010000000500000010A7504CB4B65A40210FAFAE008518C010A7504CB4B65A40FF8EAF459E9118C0302C3C8EE5B55A40FF8EAF459E9118C0302C3C8EE5B55A40210FAFAE008518C010A7504CB4B65A40210FAFAE008518C0	30	1487840400
6	demo1	tes	100	60	1488128400	t	Chen	0103000020E6100000010000000500000050A950C02EB35A40D0627D63827618C050A950C02EB35A40B0070D9A188618C0702E3CC254B25A40B0070D9A188618C0702E3CC254B25A40D0627D63827618C050A950C02EB35A40D0627D63827618C0	31	1487869200
7	demo2	tes	10	60	1488387600	f	Chen	0103000020E61000000100000005000000D0AD50183FB75A40E36C0899DC8318C0D0AD50183FB75A4041F9D1EB869118C0F0323CCA1EB65A4041F9D1EB869118C0F0323CCA1EB65A40E36C0899DC8318C0D0AD50183FB75A40E36C0899DC8318C0	32	1488214800
\.


--
-- TOC entry 3532 (class 0 OID 0)
-- Dependencies: 210
-- Name: project_id_seq; Type: SEQUENCE SET; Schema: public; Owner: postgres
--

SELECT pg_catalog.setval('project_id_seq', 7, true);


--
-- TOC entry 3500 (class 0 OID 27201)
-- Dependencies: 188
-- Data for Name: state; Type: TABLE DATA; Schema: public; Owner: postgres
--

COPY state (id, name, active) FROM stdin;
1	WET	t
2	DRY	f
\.


--
-- TOC entry 3533 (class 0 OID 0)
-- Dependencies: 187
-- Name: state_id_seq; Type: SEQUENCE SET; Schema: public; Owner: postgres
--

SELECT pg_catalog.setval('state_id_seq', 1, false);


--
-- TOC entry 3506 (class 0 OID 38151)
-- Dependencies: 209
-- Data for Name: variable; Type: TABLE DATA; Schema: public; Owner: postgres
--

COPY variable (id, using_drainage, using_evapotranspiration, evapotranspiration_by_data, radiation, geothermal, cn, cd, saturated_water_vapor, water_vapor, wind_speed, mean_temperature, psychometric, drainage_value, evapotranspiration_value, delta, drainage_by_data, discharge, side) FROM stdin;
30	f	t	f	0	0	0	0	0	0	0	0	0	0	1	0	f	0	0
31	t	f	f	0	0	0	0	0	0	0	0	0	0	0	0	t	1	0.5
32	t	f	f	0	0	0	0	0	0	0	0	0	0	0	0	t	1	0.5
\.


--
-- TOC entry 3534 (class 0 OID 0)
-- Dependencies: 208
-- Name: variable_id_seq; Type: SEQUENCE SET; Schema: public; Owner: postgres
--

SELECT pg_catalog.setval('variable_id_seq', 32, true);


--
-- TOC entry 3510 (class 0 OID 38844)
-- Dependencies: 213
-- Data for Name: weather_data; Type: TABLE DATA; Schema: public; Owner: postgres
--

COPY weather_data (id, geothermal, max_temperature, min_temperature, rain, radiation, relative_humidity, water_vapor, wind_speed, wind_degree, district_id, start_time, end_time) FROM stdin;
211	\N	300.10700000000003	299.93000000000001	\N	\N	95	\N	1.1299999999999999	31.0001	1	1487689200	1487700000
212	\N	299.77300000000002	299.64999999999998	\N	\N	96	\N	0.16	348.00799999999998	1	1487700000	1487710800
213	\N	299.41699999999997	299.36000000000001	\N	\N	98	\N	1.76	211.505	1	1487710800	1487721600
214	\N	299.65100000000001	299.65100000000001	\N	\N	100	\N	1.1100000000000001	203.001	1	1487721600	1487732400
215	\N	301.012	301.012	\N	\N	100	\N	0.77000000000000002	239.001	1	1487732400	1487743200
216	\N	302.09100000000001	302.09100000000001	0.025000000000000001	\N	100	\N	1.96	334	1	1487743200	1487754000
217	\N	301.62299999999999	301.62299999999999	0.88	\N	97	\N	2.96	342.50099999999998	1	1487754000	1487764800
218	\N	300.81999999999999	300.81999999999999	0.16	\N	95	\N	1.8999999999999999	0.0036010700000000001	1	1487764800	1487775600
219	\N	300.5	300.5	0.01	\N	97	\N	1.46	41.510100000000001	1	1487775600	1487786400
220	\N	299.995	299.995	0.02	\N	99	\N	1.3700000000000001	111.505	1	1487786400	1487797200
221	\N	299.346	299.346	0.059999999999999998	\N	100	\N	1.97	140.005	1	1487797200	1487808000
222	\N	299.315	299.315	0.029999999999999999	\N	100	\N	2.9100000000000001	118.501	1	1487808000	1487818800
223	\N	300.447	300.447	0.01	\N	100	\N	3.4100000000000001	79.001199999999997	1	1487818800	1487829600
224	\N	300.93200000000002	300.93200000000002	\N	\N	100	\N	4.1200000000000001	22.513200000000001	1	1487829600	1487840400
225	\N	300.99599999999998	300.99599999999998	1.5900000000000001	\N	100	\N	3.5699999999999998	18.000299999999999	1	1487840400	1487851200
226	\N	299.61399999999998	299.61399999999998	5.3399999999999999	\N	100	\N	1.26	45.503	1	1487851200	1487862000
227	\N	299.42399999999998	299.42399999999998	0.11	\N	100	\N	1.23	124.501	1	1487862000	1487872800
228	\N	298.88	298.88	0.02	\N	100	\N	2.0600000000000001	134.00399999999999	1	1487872800	1487883600
229	\N	298.33699999999999	298.33699999999999	0.050000000000000003	\N	100	\N	1.7	109.501	1	1487883600	1487894400
230	\N	297.988	297.988	0.14000000000000001	\N	100	\N	1.3999999999999999	73.000100000000003	1	1487894400	1487905200
231	\N	299.06	299.06	0.44	\N	100	\N	1.77	34.006	1	1487905200	1487916000
232	\N	300.18799999999999	300.18799999999999	0.39000000000000001	\N	100	\N	2.96	4.5021399999999998	1	1487916000	1487926800
233	\N	299.88999999999999	299.88999999999999	0.01	\N	100	\N	2.5699999999999998	355.50099999999998	1	1487926800	1487937600
234	\N	299.69	299.69	\N	\N	100	\N	1.5600000000000001	33.500100000000003	1	1487937600	1487948400
235	\N	299.66800000000001	299.66800000000001	\N	\N	100	\N	1.77	71.000500000000002	1	1487948400	1487959200
236	\N	299.47500000000002	299.47500000000002	\N	\N	100	\N	2.4199999999999999	92.002200000000002	1	1487959200	1487970000
237	\N	299.30000000000001	299.30000000000001	\N	\N	100	\N	3.02	117.501	1	1487970000	1487980800
238	\N	299.59699999999998	299.59699999999998	\N	\N	100	\N	2.75	115.004	1	1487980800	1487991600
239	\N	300.86399999999998	300.86399999999998	\N	\N	100	\N	2.5099999999999998	71.501999999999995	1	1487991600	1488002400
240	\N	300.65300000000002	300.65300000000002	\N	\N	100	\N	3.9100000000000001	2.5020799999999999	1	1488002400	1488013200
241	\N	300.20600000000002	300.20600000000002	0.39000000000000001	\N	100	\N	3.0499999999999998	343.50400000000002	1	1488013200	1488024000
242	\N	299.149	299.149	2.6699999999999999	\N	100	\N	0.17000000000000001	4.0011000000000001	1	1488024000	1488034800
243	\N	297.71600000000001	297.71600000000001	0.01	\N	100	\N	2.27	137.50200000000001	1	1488034800	1488045600
244	\N	298.13600000000002	298.13600000000002	0.059999999999999998	\N	100	\N	1.3100000000000001	91.000200000000007	1	1488045600	1488056400
245	\N	297.76499999999999	297.76499999999999	0.93999999999999995	\N	100	\N	0.94999999999999996	4.5003099999999998	1	1488056400	1488067200
246	\N	291.70999999999998	291.70699999999999	0.45000000000000001	\N	95	\N	1.53	74.000100000000003	2	1487689200	1487700000
247	\N	291.423	291.42000000000002	0.215	\N	94	\N	1.1599999999999999	46.0075	2	1487700000	1487710800
248	\N	291.01999999999998	291.017	0.039999999999999002	\N	93	\N	0.31	43.505400000000002	2	1487710800	1487721600
249	\N	292.00099999999998	292	\N	\N	94	\N	0.85999999999999999	129.001	2	1487721600	1487732400
250	\N	296.83699999999999	296.83699999999999	\N	\N	81	\N	1.52	173.001	2	1487732400	1487743200
251	\N	298.84100000000001	298.84100000000001	0.28000000000000003	\N	76	\N	1.1100000000000001	203.5	2	1487743200	1487754000
252	\N	296.74799999999999	296.74799999999999	2.5299999999999998	\N	85	\N	1.21	169.001	2	1487754000	1487764800
253	\N	294.22000000000003	294.22000000000003	0.030000000000001002	\N	93	\N	1	170.50399999999999	2	1487764800	1487775600
254	\N	291.5	291.5	0.0099999999999980001	\N	98	\N	0.91000000000000003	147.50999999999999	2	1487775600	1487786400
255	\N	291.39499999999998	291.39499999999998	0.039999999999999002	\N	100	\N	0.87	118.505	2	1487786400	1487797200
256	\N	291.54599999999999	291.54599999999999	0.050000000000004	\N	100	\N	0.56999999999999995	122.505	2	1487797200	1487808000
257	\N	292.38999999999999	292.38999999999999	0.019999999999996	\N	95	\N	0.95999999999999996	70.000500000000002	2	1487808000	1487818800
258	\N	299.04700000000003	299.04700000000003	\N	\N	78	\N	1.1100000000000001	151.501	2	1487818800	1487829600
259	\N	296.45699999999999	296.45699999999999	5.0499999999999998	\N	100	\N	0.52000000000000002	141.51300000000001	2	1487829600	1487840400
260	\N	296.17099999999999	296.17099999999999	4.1100000000000003	\N	93	\N	0.62	163	2	1487840400	1487851200
261	\N	294.61399999999998	294.61399999999998	1.98	\N	95	\N	0.40999999999999998	110.003	2	1487851200	1487862000
262	\N	293.24900000000002	293.24900000000002	2.6499999999999999	\N	98	\N	0.88	49.501399999999997	2	1487862000	1487872800
263	\N	292.93000000000001	292.93000000000001	0.34999999999999998	\N	97	\N	1.1100000000000001	22.504000000000001	2	1487872800	1487883600
264	\N	292.71199999999999	292.71199999999999	0.079999999999998003	\N	98	\N	1.05	38.000999999999998	2	1487883600	1487894400
265	\N	293.68799999999999	293.68799999999999	0.97999999999999998	\N	97	\N	1.1499999999999999	36.000100000000003	2	1487894400	1487905200
266	\N	296.53500000000003	296.53500000000003	0.72999999999999998	\N	90	\N	0.71999999999999997	25.506	2	1487905200	1487916000
267	\N	296.83800000000002	296.83800000000002	3.4100000000000001	\N	92	\N	0.85999999999999999	25.502099999999999	2	1487916000	1487926800
268	\N	295.315	295.315	4.4199999999999999	\N	94	\N	1.4199999999999999	325.00099999999998	2	1487926800	1487937600
269	\N	293.79000000000002	293.79000000000002	2.54	\N	95	\N	0.91000000000000003	322.5	2	1487937600	1487948400
270	\N	293.04300000000001	293.04300000000001	0.070000000000007001	\N	98	\N	0.77000000000000002	27.500499999999999	2	1487948400	1487959200
271	\N	293.14999999999998	293.14999999999998	0.060000000000002003	\N	98	\N	0.87	47.502200000000002	2	1487959200	1487970000
272	\N	292.67500000000001	292.67500000000001	0.099999999999993996	\N	99	\N	0.96999999999999997	95.000799999999998	2	1487970000	1487980800
273	\N	293.14699999999999	293.14699999999999	\N	\N	98	\N	1.05	100.504	2	1487980800	1487991600
274	\N	298.51400000000001	298.51400000000001	0.13	\N	81	\N	0.51000000000000001	233.50200000000001	2	1487991600	1488002400
275	\N	295.553	295.553	5.6600000000000001	\N	98	\N	0.70999999999999996	278.00200000000001	2	1488002400	1488013200
276	\N	294.05599999999998	294.05599999999998	5.0499999999999998	\N	100	\N	1.1499999999999999	344.00400000000002	2	1488013200	1488024000
277	\N	292.69900000000001	292.69900000000001	5.5099999999999998	\N	97	\N	1.02	13.501099999999999	2	1488024000	1488034800
278	\N	292.31599999999997	292.31599999999997	2.8500000000000001	\N	97	\N	0.87	9.0015300000000007	2	1488034800	1488045600
279	\N	291.98599999999999	291.98599999999999	1.6899999999999999	\N	97	\N	0.81000000000000005	23.5002	2	1488045600	1488056400
280	\N	290.74000000000001	290.74000000000001	\N	\N	94	\N	1.1499999999999999	23.000299999999999	2	1488056400	1488067200
281	\N	297.86599999999999	297.86599999999999	0.060000000000002003	\N	100	\N	1.97	177.00299999999999	1	1488067200	1488078000
282	\N	299.60599999999999	299.60599999999999	\N	\N	100	\N	1.76	282.00099999999998	1	1488078000	1488088800
283	\N	300.41500000000002	300.41500000000002	\N	\N	100	\N	5.0199999999999996	314.005	1	1488088800	1488099600
284	\N	300.35199999999998	300.35199999999998	0.089999999999996	\N	98	\N	5.2300000000000004	314.00200000000001	1	1488099600	1488110400
285	\N	300.12299999999999	300.12299999999999	0.34000000000000002	\N	95	\N	2.8700000000000001	286	1	1488110400	1488121200
286	\N	299.67099999999999	299.67099999999999	0.0099999999999980001	\N	97	\N	1.8100000000000001	235.00200000000001	1	1488121200	1488132000
287	\N	298.262	298.262	\N	\N	100	\N	2.2599999999999998	262.50299999999999	1	1488132000	1488142800
288	\N	298.11399999999998	298.11399999999998	\N	\N	100	\N	3.1099999999999999	266.50099999999998	1	1488142800	1488153600
289	\N	292.541	292.541	0.019999999999996	\N	95	\N	0.87	46.003500000000003	2	1488067200	1488078000
290	\N	297.60599999999999	297.60599999999999	0.090000000000002994	\N	82	\N	0.81000000000000005	261.00099999999998	2	1488078000	1488088800
291	\N	294.29000000000002	294.29000000000002	6.6200000000000001	\N	100	\N	1.4199999999999999	264.505	2	1488088800	1488099600
292	\N	293.37700000000001	293.37700000000001	6.96	\N	98	\N	0.28000000000000003	295.00200000000001	2	1488099600	1488110400
293	\N	291.82299999999998	291.82299999999998	6.6200000000000001	\N	100	\N	0.22	181	2	1488110400	1488121200
294	\N	291.64600000000002	291.64600000000002	7.5800000000000001	\N	98	\N	0.35999999999999999	15.0022	2	1488121200	1488132000
295	\N	291.83699999999999	291.83699999999999	3.9100000000000001	\N	99	\N	0.66000000000000003	54.502899999999997	2	1488132000	1488142800
296	\N	292.11399999999998	292.11399999999998	0.92000000000000004	\N	99	\N	0.51000000000000001	99.001199999999997	2	1488142800	1488153600
297	\N	297.43599999999998	296.19999999999999	9.9049999999999994	\N	100	\N	3.46	146.5	3	1487764800	1487775600
298	\N	298.36000000000001	297.44	\N	\N	100	\N	3.6200000000000001	130	3	1487775600	1487786400
299	\N	298.46100000000001	297.85000000000002	\N	\N	100	\N	1.6000000000000001	144.00299999999999	3	1487786400	1487797200
300	\N	298.40800000000002	298.10000000000002	\N	\N	100	\N	1.6599999999999999	205.00299999999999	3	1487797200	1487808000
301	\N	298.95299999999997	298.95299999999997	\N	\N	100	\N	1.77	166.50200000000001	3	1487808000	1487818800
302	\N	300.56299999999999	300.56299999999999	\N	\N	100	\N	1.3100000000000001	107.001	3	1487818800	1487829600
303	\N	301.31599999999997	301.31599999999997	\N	\N	100	\N	3.6099999999999999	8.0111100000000004	3	1487829600	1487840400
304	\N	301.03500000000003	301.03500000000003	0.63	\N	99	\N	3.6699999999999999	5.5020800000000003	3	1487840400	1487851200
305	\N	299.68099999999998	299.68099999999998	5.0700000000000003	\N	100	\N	1.76	30	3	1487851200	1487862000
306	\N	297.45499999999998	297.45499999999998	4.6349999999999998	\N	100	\N	1.77	173.00299999999999	3	1487862000	1487872800
307	\N	298.06	298.06	0.35499999999999998	\N	100	\N	2.1600000000000001	174.505	3	1487872800	1487883600
308	\N	297.75900000000001	297.75900000000001	2.6000000000000001	\N	100	\N	2.3599999999999999	186.001	3	1487883600	1487894400
309	\N	297.12400000000002	297.12400000000002	2.7250000000000001	\N	100	\N	2.7599999999999998	203.506	3	1487894400	1487905200
310	\N	298.73500000000001	298.73500000000001	0.059999999999998999	\N	100	\N	0.92000000000000004	311.5	3	1487905200	1487916000
311	\N	299.88099999999997	299.88099999999997	0.015000000000001	\N	100	\N	2.1600000000000001	336	3	1487916000	1487926800
312	\N	300.14600000000002	300.14600000000002	0.070000000000000007	\N	100	\N	2.21	319.5	3	1487926800	1487937600
313	\N	299.95499999999998	299.95499999999998	0.105	\N	99	\N	1.52	312.50700000000001	3	1487937600	1487948400
314	\N	299.66300000000001	299.66300000000001	0.029999999999998	\N	100	\N	0.53000000000000003	214.001	3	1487948400	1487959200
315	\N	298.858	298.858	0.40500000000000003	\N	100	\N	0.77000000000000002	177.501	3	1487959200	1487970000
316	\N	297.26600000000002	297.26600000000002	0.96999999999999997	\N	100	\N	0.41999999999999998	148.501	3	1487970000	1487980800
317	\N	297.87799999999999	297.87799999999999	1.02	\N	100	\N	0.56000000000000005	303.50200000000001	3	1487980800	1487991600
318	\N	298.63099999999997	298.63099999999997	1.5900000000000001	\N	100	\N	1.96	318.50200000000001	3	1487991600	1488002400
319	\N	299.79300000000001	299.79300000000001	0.050000000000004	\N	100	\N	2.2200000000000002	326.50200000000001	3	1488002400	1488013200
320	\N	300.04700000000003	300.04700000000003	0.28999999999999998	\N	100	\N	3.9100000000000001	328	3	1488013200	1488024000
321	\N	298.99599999999998	298.99599999999998	1.95	\N	100	\N	2.8700000000000001	298	3	1488024000	1488034800
322	\N	297.42899999999997	297.42899999999997	2.1800000000000002	\N	100	\N	1.72	220.006	3	1488034800	1488045600
323	\N	297.50700000000001	297.50700000000001	0.34999999999999998	\N	100	\N	1.52	191.50200000000001	3	1488045600	1488056400
324	\N	297.51100000000002	297.51100000000002	0.060000000000002003	\N	100	\N	1.6799999999999999	177.00200000000001	3	1488056400	1488067200
325	\N	297.86599999999999	297.86599999999999	0.060000000000002003	\N	100	\N	1.97	177.00299999999999	3	1488067200	1488078000
326	\N	299.60599999999999	299.60599999999999	\N	\N	100	\N	1.76	282.00099999999998	3	1488078000	1488088800
327	\N	300.41500000000002	300.41500000000002	\N	\N	100	\N	5.0199999999999996	314.005	3	1488088800	1488099600
328	\N	300.35199999999998	300.35199999999998	0.089999999999996	\N	98	\N	5.2300000000000004	314.00200000000001	3	1488099600	1488110400
329	\N	300.12299999999999	300.12299999999999	0.34000000000000002	\N	95	\N	2.8700000000000001	286	3	1488110400	1488121200
330	\N	299.67099999999999	299.67099999999999	0.0099999999999980001	\N	97	\N	1.8100000000000001	235.00200000000001	3	1488121200	1488132000
331	\N	298.262	298.262	\N	\N	100	\N	2.2599999999999998	262.50299999999999	3	1488132000	1488142800
332	\N	298.11399999999998	298.11399999999998	\N	\N	100	\N	3.1099999999999999	266.50099999999998	3	1488142800	1488153600
333	\N	291.67700000000002	291.67700000000002	4.0899999999999999	\N	98	\N	0.59999999999999998	49.007899999999999	2	1488153600	1488164400
334	\N	299.35199999999998	299.35199999999998	0.01	\N	100	\N	1.8500000000000001	228.00800000000001	1	1488153600	1488164400
335	\N	300.79599999999999	300.79599999999999	\N	\N	100	\N	2.0099999999999998	279.50700000000001	1	1488164400	1488175200
336	\N	295.77100000000002	295.77100000000002	0.069999999999992998	\N	90	\N	1.3600000000000001	200.00700000000001	2	1488164400	1488175200
337	\N	301.517	301.517	0.25	\N	100	\N	3.9100000000000001	321.50099999999998	1	1488175200	1488186000
338	\N	300.12099999999998	300.12099999999998	2.3999999999999999	\N	100	\N	3.1600000000000001	279.00099999999998	1	1488186000	1488196800
339	\N	295.81700000000001	295.81700000000001	1.05	\N	90	\N	1.3100000000000001	195.001	2	1488175200	1488186000
340	\N	295.19600000000003	295.19600000000003	1.4099999999999999	\N	90	\N	1.3100000000000001	187.001	2	1488186000	1488196800
341	\N	300.09300000000002	300.09300000000002	1.1200000000000001	\N	98	\N	0.11	288.50400000000002	1	1488196800	1488207600
342	\N	298.81900000000002	298.81900000000002	0.01	\N	100	\N	2.96	102.005	1	1488207600	1488218400
343	\N	293.64299999999997	293.64299999999997	0.069999999999992998	\N	95	\N	0.85999999999999999	162.50399999999999	2	1488196800	1488207600
344	\N	297.80700000000002	297.80700000000002	0.12	\N	100	\N	2.71	72.011300000000006	1	1488218400	1488229200
345	\N	290.71899999999999	290.71899999999999	0.010000000000005	\N	96	\N	0.85999999999999999	151.505	2	1488207600	1488218400
346	\N	296.78399999999999	296.78399999999999	7.0300000000000002	\N	100	\N	1.4199999999999999	124.006	1	1488229200	1488240000
347	\N	290.65699999999998	290.65699999999998	0.079999999999998003	\N	97	\N	0.76000000000000001	108.011	2	1488218400	1488229200
348	\N	288.35899999999998	288.35899999999998	0.0099999999999908998	\N	99	\N	0.71999999999999997	71.505799999999994	2	1488229200	1488240000
349	\N	292.43599999999998	292.43599999999998	0.02	\N	97	\N	1.1599999999999999	75.502499999999998	2	1488240000	1488250800
350	\N	297.73000000000002	297.73000000000002	0.35999999999999999	\N	84	\N	0.26000000000000001	249.001	2	1488250800	1488261600
351	\N	295.35000000000002	295.35000000000002	5.04	\N	97	\N	0.76000000000000001	234.501	2	1488261600	1488272400
352	\N	294.37400000000002	294.37400000000002	1.98	\N	100	\N	0.45000000000000001	251.50200000000001	2	1488272400	1488283200
353	\N	292.73000000000002	292.73000000000002	2.6099999999999999	\N	100	\N	0.12	207.006	2	1488283200	1488294000
354	\N	292.44799999999998	292.44799999999998	0.35999999999999999	\N	98	\N	0.78000000000000003	94.001599999999996	2	1488294000	1488304800
355	\N	297.661	297.661	0.089999999999999997	\N	100	\N	2.4100000000000001	89.002499999999998	1	1488240000	1488250800
356	\N	299.255	299.255	\N	\N	100	\N	1.3600000000000001	49.000900000000001	1	1488250800	1488261600
357	\N	300.64999999999998	300.64999999999998	\N	\N	100	\N	3.8599999999999999	331.50099999999998	1	1488261600	1488272400
358	\N	300.649	300.649	1.4299999999999999	\N	100	\N	3.8999999999999999	301.50200000000001	1	1488272400	1488283200
359	\N	298.90499999999997	298.90499999999997	2.9700000000000002	\N	100	\N	2.4199999999999999	289.00599999999997	1	1488283200	1488294000
360	\N	297.57299999999998	297.57299999999998	4.5800000000000001	\N	100	\N	2.3799999999999999	224.50200000000001	1	1488294000	1488304800
361	\N	297.33199999999999	297.33199999999999	2.0499999999999998	\N	100	\N	5.0099999999999998	236.005	3	1488153600	1488164400
362	\N	298.97800000000001	298.97800000000001	0.089999999999999997	\N	100	\N	3.3199999999999998	202.001	3	1488164400	1488175200
363	\N	301.12299999999999	301.12299999999999	\N	\N	100	\N	1.46	282	3	1488175200	1488186000
364	\N	301.32100000000003	301.32100000000003	0.20999999999999999	\N	98	\N	2.8599999999999999	323.50200000000001	3	1488186000	1488196800
365	\N	300.60700000000003	300.60700000000003	0.14000000000000001	\N	94	\N	2.1499999999999999	294.50999999999999	3	1488196800	1488207600
366	\N	300.41699999999997	300.41699999999997	\N	\N	95	\N	1.52	326.005	3	1488207600	1488218400
367	\N	298.86399999999998	298.86399999999998	3.21	\N	100	\N	0.57999999999999996	324.50700000000001	3	1488218400	1488229200
368	\N	297.37799999999999	297.37799999999999	0.050000000000000003	\N	100	\N	2.8199999999999998	96.503	3	1488229200	1488240000
369	\N	297.661	297.661	0.089999999999999997	\N	100	\N	2.4100000000000001	89.002499999999998	3	1488240000	1488250800
370	\N	299.255	299.255	\N	\N	100	\N	1.3600000000000001	49.000900000000001	3	1488250800	1488261600
371	\N	300.64999999999998	300.64999999999998	\N	\N	100	\N	3.8599999999999999	331.50099999999998	3	1488261600	1488272400
372	\N	300.649	300.649	1.4299999999999999	\N	100	\N	3.8999999999999999	301.50200000000001	3	1488272400	1488283200
373	\N	298.90499999999997	298.90499999999997	2.9700000000000002	\N	100	\N	2.4199999999999999	289.00599999999997	3	1488283200	1488294000
374	\N	297.57299999999998	297.57299999999998	4.5800000000000001	\N	100	\N	2.3799999999999999	224.50200000000001	3	1488294000	1488304800
376	\N	298.28399999999999	297.98000000000002	0.022499999999999999	\N	100	\N	5.1600000000000001	239.5	1	1488315600	1488326400
377	\N	292.25900000000001	292.10000000000002	2.8975	\N	99	\N	0.46000000000000002	195.5	2	1488315600	1488326400
378	\N	292.25900000000001	292.10000000000002	2.8975	\N	99	\N	0.46000000000000002	195.5	2	1488315600	1488326400
375	\N	298.28399999999999	297.98000000000002	0.022499999999999999	\N	100	\N	5.1600000000000001	239.5	3	1488315600	1488326400
379	\N	298.12400000000002	297.88999999999999	0.1825	\N	100	\N	4.9199999999999999	232.00200000000001	3	1488326400	1488337200
380	\N	292.74900000000002	292.63	0.87250000000000005	\N	99	\N	0.62	133.00200000000001	2	1488326400	1488337200
381	\N	292.74900000000002	292.63	0.87250000000000005	\N	99	\N	0.62	133.00200000000001	2	1488326400	1488337200
382	\N	298.12400000000002	297.88999999999999	0.1825	\N	100	\N	4.9199999999999999	232.00200000000001	1	1488326400	1488337200
383	\N	298.57299999999998	298.42000000000002	1.4299999999999999	\N	100	\N	2.9300000000000002	249.501	3	1488337200	1488348000
384	\N	295.47300000000001	295.38999999999999	0.54500000000000004	\N	92	\N	1.28	189.001	2	1488337200	1488348000
385	\N	295.87900000000002	295.83999999999997	2.9700000000000002	\N	93	\N	1.1299999999999999	196.00700000000001	2	1488348000	1488358800
386	\N	298.57299999999998	298.42000000000002	1.4299999999999999	\N	100	\N	2.9300000000000002	249.501	1	1488337200	1488348000
387	\N	300.50400000000002	300.43000000000001	\N	\N	100	\N	2.73	286.50700000000001	3	1488348000	1488358800
388	\N	295.87900000000002	295.83999999999997	2.9700000000000002	\N	93	\N	1.1299999999999999	196.00700000000001	2	1488348000	1488358800
389	\N	300.50400000000002	300.43000000000001	\N	\N	100	\N	2.73	286.50700000000001	1	1488348000	1488358800
390	\N	294.52100000000002	294.52100000000002	3.3849999999999998	\N	98	\N	1.3100000000000001	198.00200000000001	2	1488358800	1488369600
391	\N	300.64600000000002	300.64600000000002	1.0649999999999999	\N	100	\N	4.3600000000000003	300.00200000000001	3	1488358800	1488369600
392	\N	294.52100000000002	294.52100000000002	3.3849999999999998	\N	98	\N	1.3100000000000001	198.00200000000001	2	1488358800	1488369600
393	\N	300.64600000000002	300.64600000000002	1.0649999999999999	\N	100	\N	4.3600000000000003	300.00200000000001	1	1488358800	1488369600
394	\N	300.892	300.892	0.050000000000000003	\N	94	\N	3.5600000000000001	280.00099999999998	3	1488369600	1488380400
395	\N	293.29199999999997	293.29199999999997	2.7050000000000001	\N	99	\N	1.0800000000000001	188.001	2	1488369600	1488380400
396	\N	293.29199999999997	293.29199999999997	2.7050000000000001	\N	99	\N	1.0800000000000001	188.001	2	1488369600	1488380400
397	\N	300.892	300.892	0.050000000000000003	\N	94	\N	3.5600000000000001	280.00099999999998	1	1488369600	1488380400
398	\N	292.89800000000002	292.89800000000002	0.57999999999999996	\N	99	\N	0.98999999999999999	141	2	1488380400	1488391200
399	\N	300.72300000000001	300.72300000000001	0.58499999999999996	\N	93	\N	2.3599999999999999	251.5	3	1488380400	1488391200
400	\N	292.89800000000002	292.89800000000002	0.57999999999999996	\N	99	\N	0.98999999999999999	141	2	1488380400	1488391200
401	\N	300.72300000000001	300.72300000000001	0.58499999999999996	\N	93	\N	2.3599999999999999	251.5	1	1488380400	1488391200
403	\N	292.71199999999999	292.71199999999999	0.17499999999999999	\N	98	\N	0.91000000000000003	145.5	2	1488391200	1488402000
402	\N	299.56200000000001	299.56200000000001	\N	\N	100	\N	1.8100000000000001	200	3	1488391200	1488402000
404	\N	292.71199999999999	292.71199999999999	0.17499999999999999	\N	98	\N	0.91000000000000003	145.5	2	1488391200	1488402000
405	\N	299.56200000000001	299.56200000000001	\N	\N	100	\N	1.8100000000000001	200	1	1488391200	1488402000
407	\N	292.452	292.452	0.050000000000001002	\N	98	\N	0.80000000000000004	110.514	2	1488402000	1488412800
406	\N	298.90199999999999	298.90199999999999	\N	\N	100	\N	2.6499999999999999	171.51400000000001	1	1488402000	1488412800
408	\N	292.452	292.452	0.050000000000001002	\N	98	\N	0.80000000000000004	110.514	2	1488402000	1488412800
409	\N	298.90199999999999	298.90199999999999	\N	\N	100	\N	2.6499999999999999	171.51400000000001	3	1488402000	1488412800
410	\N	293.07799999999997	293.07799999999997	0.039999999999999002	\N	97	\N	0.83999999999999997	118.004	2	1488412800	1488423600
411	\N	299.178	299.178	\N	\N	100	\N	1.8100000000000001	143.50399999999999	3	1488412800	1488423600
412	\N	299.178	299.178	\N	\N	100	\N	1.8100000000000001	143.50399999999999	1	1488412800	1488423600
413	\N	293.07799999999997	293.07799999999997	0.039999999999999002	\N	97	\N	0.83999999999999997	118.004	2	1488412800	1488423600
414	\N	298.529	298.529	0.004999999999999	\N	82	\N	0.92000000000000004	182.5	2	1488423600	1488434400
416	\N	301.00400000000002	301.00400000000002	\N	\N	100	\N	1.0700000000000001	348.5	1	1488423600	1488434400
415	\N	301.00400000000002	301.00400000000002	\N	\N	100	\N	1.0700000000000001	348.5	3	1488423600	1488434400
417	\N	298.529	298.529	0.004999999999999	\N	82	\N	0.92000000000000004	182.5	2	1488423600	1488434400
418	\N	295.27499999999998	295.27499999999998	10.215	\N	100	\N	0.77000000000000002	245.00399999999999	2	1488434400	1488445200
419	\N	301.07600000000002	301.07600000000002	\N	\N	100	\N	4.6699999999999999	339.50400000000002	3	1488434400	1488445200
421	\N	301.07600000000002	301.07600000000002	\N	\N	100	\N	4.6699999999999999	339.50400000000002	1	1488434400	1488445200
420	\N	295.27499999999998	295.27499999999998	10.215	\N	100	\N	0.77000000000000002	245.00399999999999	2	1488434400	1488445200
423	\N	300.78399999999999	300.78399999999999	1.5600000000000001	\N	99	\N	3.6600000000000001	320.50599999999997	1	1488445200	1488456000
424	\N	300.78399999999999	300.78399999999999	1.5600000000000001	\N	99	\N	3.6600000000000001	320.50599999999997	3	1488445200	1488456000
422	\N	294.65899999999999	294.65899999999999	8.0500000000000007	\N	99	\N	0.76000000000000001	212.506	2	1488445200	1488456000
427	\N	292.88	292.88	8.6799999999999997	\N	97	\N	0.67000000000000004	117.506	2	1488456000	1488466800
431	\N	292.64800000000002	292.64800000000002	2.2349999999999999	\N	98	\N	0.69999999999999996	108.501	2	1488466800	1488477600
435	\N	292.54500000000002	292.54500000000002	2.1000000000000001	\N	98	\N	0.59999999999999998	75.003900000000002	2	1488477600	1488488400
439	\N	292.48399999999998	292.48399999999998	0.89000000000000001	\N	97	\N	0.56000000000000005	105.503	2	1488488400	1488499200
443	\N	293.18700000000001	293.18700000000001	\N	\N	96	\N	0.66000000000000003	133.005	2	1488499200	1488510000
447	\N	297.92599999999999	297.92599999999999	\N	\N	84	\N	1.24	194.00299999999999	2	1488510000	1488520800
451	\N	294.58199999999999	294.58199999999999	7.3300000000000001	\N	100	\N	1.23	191.50399999999999	2	1488520800	1488531600
455	\N	294.85000000000002	294.85000000000002	3.29	\N	96	\N	1.27	190.50200000000001	2	1488531600	1488542400
459	\N	293.74799999999999	293.74799999999999	1.54	\N	98	\N	0.95999999999999996	144.505	2	1488542400	1488553200
463	\N	293.32900000000001	293.32900000000001	0.089999999999989005	\N	98	\N	0.82999999999999996	105.001	2	1488553200	1488564000
467	\N	292.178	292.178	0.040000000000006003	\N	97	\N	0.82999999999999996	95.001499999999993	2	1488564000	1488574800
471	\N	290.49799999999999	290.49799999999999	0.010000000000005	\N	97	\N	0.87	75.505200000000002	2	1488574800	1488585600
475	\N	291.37	291.37	0.0099999999999908998	\N	96	\N	1.0700000000000001	64.000500000000002	2	1488585600	1488596400
479	\N	298.34899999999999	298.34899999999999	\N	\N	81	\N	0.37	198.50200000000001	2	1488596400	1488607200
483	\N	296.65100000000001	296.65100000000001	4.7699999999999996	\N	98	\N	0.050000000000000003	220.5	2	1488607200	1488618000
487	\N	295.767	295.767	4.2199999999999998	\N	95	\N	0.52000000000000002	6.5017699999999996	2	1488618000	1488628800
491	\N	293.57799999999997	293.57799999999997	3.6299999999999999	\N	98	\N	1.0600000000000001	19.0108	2	1488628800	1488639600
495	\N	292.39400000000001	292.39400000000001	0.049999999999996998	\N	97	\N	1.1200000000000001	26.0001	2	1488639600	1488650400
497	\N	291.80900000000003	291.80900000000003	0.030000000000001002	\N	97	\N	1.21	33.5002	2	1488650400	1488661200
501	\N	291.38299999999998	291.38299999999998	0.019999999999996	\N	95	\N	1.1599999999999999	31.502300000000002	2	1488661200	1488672000
505	\N	292.14800000000002	292.14800000000002	0.020000000000009999	\N	96	\N	1.21	39.506799999999998	2	1488672000	1488682800
509	\N	298.69099999999997	298.69099999999997	\N	\N	78	\N	0.27000000000000002	285.00200000000001	2	1488682800	1488693600
515	\N	296.72699999999998	296.72699999999998	3.7999999999999998	\N	97	\N	0.32000000000000001	251.505	2	1488693600	1488704400
519	\N	293.10500000000002	293.10500000000002	7.4400000000000004	\N	100	\N	0.96999999999999997	359.50700000000001	2	1488704400	1488715200
523	\N	292.42200000000003	292.42200000000003	6.6900000000000004	\N	97	\N	0.96999999999999997	21.513000000000002	2	1488715200	1488726000
527	\N	292.024	292.024	2.3599999999999999	\N	98	\N	0.60999999999999999	309.50400000000002	2	1488726000	1488736800
531	\N	290.98000000000002	290.98000000000002	0.010000000000005	\N	97	\N	0.91000000000000003	36.502299999999998	2	1488736800	1488747600
425	\N	294.65899999999999	294.65899999999999	8.0500000000000007	\N	99	\N	0.76000000000000001	212.506	2	1488445200	1488456000
429	\N	292.88	292.88	8.6799999999999997	\N	97	\N	0.67000000000000004	117.506	2	1488456000	1488466800
433	\N	292.64800000000002	292.64800000000002	2.2349999999999999	\N	98	\N	0.69999999999999996	108.501	2	1488466800	1488477600
437	\N	292.54500000000002	292.54500000000002	2.1000000000000001	\N	98	\N	0.59999999999999998	75.003900000000002	2	1488477600	1488488400
441	\N	292.48399999999998	292.48399999999998	0.89000000000000001	\N	97	\N	0.56000000000000005	105.503	2	1488488400	1488499200
445	\N	293.18700000000001	293.18700000000001	\N	\N	96	\N	0.66000000000000003	133.005	2	1488499200	1488510000
449	\N	297.92599999999999	297.92599999999999	\N	\N	84	\N	1.24	194.00299999999999	2	1488510000	1488520800
452	\N	294.58199999999999	294.58199999999999	7.3300000000000001	\N	100	\N	1.23	191.50399999999999	2	1488520800	1488531600
456	\N	294.85000000000002	294.85000000000002	3.29	\N	96	\N	1.27	190.50200000000001	2	1488531600	1488542400
460	\N	293.74799999999999	293.74799999999999	1.54	\N	98	\N	0.95999999999999996	144.505	2	1488542400	1488553200
465	\N	293.32900000000001	293.32900000000001	0.089999999999989005	\N	98	\N	0.82999999999999996	105.001	2	1488553200	1488564000
469	\N	292.178	292.178	0.040000000000006003	\N	97	\N	0.82999999999999996	95.001499999999993	2	1488564000	1488574800
473	\N	290.49799999999999	290.49799999999999	0.010000000000005	\N	97	\N	0.87	75.505200000000002	2	1488574800	1488585600
476	\N	291.37	291.37	0.0099999999999908998	\N	96	\N	1.0700000000000001	64.000500000000002	2	1488585600	1488596400
480	\N	298.34899999999999	298.34899999999999	\N	\N	81	\N	0.37	198.50200000000001	2	1488596400	1488607200
484	\N	296.65100000000001	296.65100000000001	4.7699999999999996	\N	98	\N	0.050000000000000003	220.5	2	1488607200	1488618000
488	\N	295.767	295.767	4.2199999999999998	\N	95	\N	0.52000000000000002	6.5017699999999996	2	1488618000	1488628800
492	\N	293.57799999999997	293.57799999999997	3.6299999999999999	\N	98	\N	1.0600000000000001	19.0108	2	1488628800	1488639600
496	\N	292.39400000000001	292.39400000000001	0.049999999999996998	\N	97	\N	1.1200000000000001	26.0001	2	1488639600	1488650400
500	\N	291.80900000000003	291.80900000000003	0.030000000000001002	\N	97	\N	1.21	33.5002	2	1488650400	1488661200
504	\N	291.38299999999998	291.38299999999998	0.019999999999996	\N	95	\N	1.1599999999999999	31.502300000000002	2	1488661200	1488672000
508	\N	292.14800000000002	292.14800000000002	0.020000000000009999	\N	96	\N	1.21	39.506799999999998	2	1488672000	1488682800
512	\N	298.69099999999997	298.69099999999997	\N	\N	78	\N	0.27000000000000002	285.00200000000001	2	1488682800	1488693600
516	\N	296.72699999999998	296.72699999999998	3.7999999999999998	\N	97	\N	0.32000000000000001	251.505	2	1488693600	1488704400
520	\N	293.10500000000002	293.10500000000002	7.4400000000000004	\N	100	\N	0.96999999999999997	359.50700000000001	2	1488704400	1488715200
524	\N	292.42200000000003	292.42200000000003	6.6900000000000004	\N	97	\N	0.96999999999999997	21.513000000000002	2	1488715200	1488726000
528	\N	292.024	292.024	2.3599999999999999	\N	98	\N	0.60999999999999999	309.50400000000002	2	1488726000	1488736800
532	\N	290.98000000000002	290.98000000000002	0.010000000000005	\N	97	\N	0.91000000000000003	36.502299999999998	2	1488736800	1488747600
426	\N	300.40499999999997	300.40499999999997	1.1299999999999999	\N	96	\N	2.2400000000000002	302.50599999999997	1	1488456000	1488466800
430	\N	299.44799999999998	299.44799999999998	1.6699999999999999	\N	100	\N	2.02	223.501	1	1488466800	1488477600
434	\N	298.745	298.745	0.055	\N	100	\N	1.9299999999999999	180.50399999999999	1	1488477600	1488488400
438	\N	298.55900000000003	298.55900000000003	\N	\N	100	\N	1.5600000000000001	182.50299999999999	1	1488488400	1488499200
442	\N	298.96199999999999	298.96199999999999	\N	\N	100	\N	1.5900000000000001	179.505	1	1488499200	1488510000
446	\N	300.87599999999998	300.87599999999998	\N	\N	100	\N	0.98999999999999999	281.50299999999999	1	1488510000	1488520800
450	\N	301.95699999999999	301.95699999999999	0.13	\N	100	\N	3.3799999999999999	335.00400000000002	1	1488520800	1488531600
454	\N	300.94999999999999	300.94999999999999	2.8599999999999999	\N	98	\N	1.8700000000000001	308.50200000000001	1	1488531600	1488542400
458	\N	299.74799999999999	299.74799999999999	4.1200000000000001	\N	100	\N	1.26	86.004800000000003	1	1488542400	1488553200
462	\N	297.92899999999997	297.92899999999997	1.4299999999999999	\N	100	\N	3.6000000000000001	151.001	1	1488553200	1488564000
464	\N	297.45299999999997	297.45299999999997	8.7899999999999991	\N	100	\N	2.1299999999999999	163.501	1	1488564000	1488574800
468	\N	298.09800000000001	298.09800000000001	0.5	\N	100	\N	2.0699999999999998	166.505	1	1488574800	1488585600
472	\N	298.76999999999998	298.76999999999998	0.070000000000000007	\N	100	\N	2.02	130	1	1488585600	1488596400
478	\N	300.57400000000001	300.57400000000001	\N	\N	100	\N	2.6699999999999999	98.002200000000002	1	1488596400	1488607200
481	\N	300.65100000000001	300.65100000000001	0.19	\N	100	\N	4.9000000000000004	52.5002	1	1488607200	1488618000
485	\N	300.56700000000001	300.56700000000001	0.38	\N	99	\N	4.4699999999999998	30.501799999999999	1	1488618000	1488628800
489	\N	300.25299999999999	300.25299999999999	0.13	\N	97	\N	2.71	20.5108	1	1488628800	1488639600
493	\N	300.19400000000002	300.19400000000002	0.010000000000002	\N	98	\N	2.0699999999999998	38.500100000000003	1	1488639600	1488650400
498	\N	299.90899999999999	299.90899999999999	0.029999999999998	\N	99	\N	1.76	53.0002	1	1488650400	1488661200
503	\N	299.13299999999998	299.13299999999998	0.14999999999999999	\N	100	\N	2.1600000000000001	93.002300000000005	1	1488661200	1488672000
507	\N	299.24799999999999	299.24799999999999	0.079999999999998003	\N	100	\N	2.1600000000000001	110.50700000000001	1	1488672000	1488682800
511	\N	300.541	300.541	\N	\N	100	\N	1.6699999999999999	62.002299999999998	1	1488682800	1488693600
514	\N	300.952	300.952	0.02	\N	100	\N	4.1699999999999999	338.005	1	1488693600	1488704400
518	\N	300.95499999999998	300.95499999999998	\N	\N	96	\N	3.5699999999999998	314.50700000000001	1	1488704400	1488715200
521	\N	300.52199999999999	300.52199999999999	\N	\N	94	\N	1.6699999999999999	311.51299999999998	1	1488715200	1488726000
525	\N	300.04899999999998	300.04899999999998	\N	\N	97	\N	1.4099999999999999	298.50400000000002	1	1488726000	1488736800
529	\N	299.755	299.755	\N	\N	98	\N	1.1100000000000001	232.50200000000001	1	1488736800	1488747600
428	\N	300.40499999999997	300.40499999999997	1.1299999999999999	\N	96	\N	2.2400000000000002	302.50599999999997	3	1488456000	1488466800
432	\N	299.44799999999998	299.44799999999998	1.6699999999999999	\N	100	\N	2.02	223.501	3	1488466800	1488477600
436	\N	298.745	298.745	0.055	\N	100	\N	1.9299999999999999	180.50399999999999	3	1488477600	1488488400
440	\N	298.55900000000003	298.55900000000003	\N	\N	100	\N	1.5600000000000001	182.50299999999999	3	1488488400	1488499200
444	\N	298.96199999999999	298.96199999999999	\N	\N	100	\N	1.5900000000000001	179.505	3	1488499200	1488510000
448	\N	300.87599999999998	300.87599999999998	\N	\N	100	\N	0.98999999999999999	281.50299999999999	3	1488510000	1488520800
453	\N	301.95699999999999	301.95699999999999	0.13	\N	100	\N	3.3799999999999999	335.00400000000002	3	1488520800	1488531600
457	\N	300.94999999999999	300.94999999999999	2.8599999999999999	\N	98	\N	1.8700000000000001	308.50200000000001	3	1488531600	1488542400
461	\N	299.74799999999999	299.74799999999999	4.1200000000000001	\N	100	\N	1.26	86.004800000000003	3	1488542400	1488553200
466	\N	297.92899999999997	297.92899999999997	1.4299999999999999	\N	100	\N	3.6000000000000001	151.001	3	1488553200	1488564000
470	\N	297.45299999999997	297.45299999999997	8.7899999999999991	\N	100	\N	2.1299999999999999	163.501	3	1488564000	1488574800
474	\N	298.09800000000001	298.09800000000001	0.5	\N	100	\N	2.0699999999999998	166.505	3	1488574800	1488585600
477	\N	298.76999999999998	298.76999999999998	0.070000000000000007	\N	100	\N	2.02	130	3	1488585600	1488596400
482	\N	300.57400000000001	300.57400000000001	\N	\N	100	\N	2.6699999999999999	98.002200000000002	3	1488596400	1488607200
486	\N	300.65100000000001	300.65100000000001	0.19	\N	100	\N	4.9000000000000004	52.5002	3	1488607200	1488618000
490	\N	300.56700000000001	300.56700000000001	0.38	\N	99	\N	4.4699999999999998	30.501799999999999	3	1488618000	1488628800
494	\N	300.25299999999999	300.25299999999999	0.13	\N	97	\N	2.71	20.5108	3	1488628800	1488639600
499	\N	300.19400000000002	300.19400000000002	0.010000000000002	\N	98	\N	2.0699999999999998	38.500100000000003	3	1488639600	1488650400
502	\N	299.90899999999999	299.90899999999999	0.029999999999998	\N	99	\N	1.76	53.0002	3	1488650400	1488661200
506	\N	299.13299999999998	299.13299999999998	0.14999999999999999	\N	100	\N	2.1600000000000001	93.002300000000005	3	1488661200	1488672000
510	\N	299.24799999999999	299.24799999999999	0.079999999999998003	\N	100	\N	2.1600000000000001	110.50700000000001	3	1488672000	1488682800
513	\N	300.541	300.541	\N	\N	100	\N	1.6699999999999999	62.002299999999998	3	1488682800	1488693600
517	\N	300.952	300.952	0.02	\N	100	\N	4.1699999999999999	338.005	3	1488693600	1488704400
522	\N	300.95499999999998	300.95499999999998	\N	\N	96	\N	3.5699999999999998	314.50700000000001	3	1488704400	1488715200
526	\N	300.52199999999999	300.52199999999999	\N	\N	94	\N	1.6699999999999999	311.51299999999998	3	1488715200	1488726000
530	\N	300.04899999999998	300.04899999999998	\N	\N	97	\N	1.4099999999999999	298.50400000000002	3	1488726000	1488736800
533	\N	299.755	299.755	\N	\N	98	\N	1.1100000000000001	232.50200000000001	3	1488736800	1488747600
534	\N	298.12400000000002	298.01999999999998	0.1825	\N	100	\N	4.9199999999999999	232.00200000000001	5	1488326400	1488337200
535	\N	298.57299999999998	298.49000000000001	1.4299999999999999	\N	100	\N	2.9300000000000002	249.501	5	1488337200	1488348000
536	\N	300.50400000000002	300.44999999999999	\N	\N	100	\N	2.73	286.50700000000001	5	1488348000	1488358800
537	\N	300.64600000000002	300.62	1.0649999999999999	\N	100	\N	4.3600000000000003	300.00200000000001	5	1488358800	1488369600
538	\N	300.892	300.892	0.050000000000000003	\N	94	\N	3.5600000000000001	280.00099999999998	5	1488369600	1488380400
539	\N	300.72300000000001	300.72300000000001	0.58499999999999996	\N	93	\N	2.3599999999999999	251.5	5	1488380400	1488391200
540	\N	299.56200000000001	299.56200000000001	\N	\N	100	\N	1.8100000000000001	200	5	1488391200	1488402000
541	\N	298.90199999999999	298.90199999999999	\N	\N	100	\N	2.6499999999999999	171.51400000000001	5	1488402000	1488412800
542	\N	299.178	299.178	\N	\N	100	\N	1.8100000000000001	143.50399999999999	5	1488412800	1488423600
543	\N	301.00400000000002	301.00400000000002	\N	\N	100	\N	1.0700000000000001	348.5	5	1488423600	1488434400
544	\N	301.07600000000002	301.07600000000002	\N	\N	100	\N	4.6699999999999999	339.50400000000002	5	1488434400	1488445200
545	\N	300.78399999999999	300.78399999999999	1.5600000000000001	\N	99	\N	3.6600000000000001	320.50599999999997	5	1488445200	1488456000
546	\N	300.40499999999997	300.40499999999997	1.1299999999999999	\N	96	\N	2.2400000000000002	302.50599999999997	5	1488456000	1488466800
547	\N	299.44799999999998	299.44799999999998	1.6699999999999999	\N	100	\N	2.02	223.501	5	1488466800	1488477600
548	\N	298.745	298.745	0.055	\N	100	\N	1.9299999999999999	180.50399999999999	5	1488477600	1488488400
549	\N	298.55900000000003	298.55900000000003	\N	\N	100	\N	1.5600000000000001	182.50299999999999	5	1488488400	1488499200
550	\N	298.96199999999999	298.96199999999999	\N	\N	100	\N	1.5900000000000001	179.505	5	1488499200	1488510000
551	\N	300.87599999999998	300.87599999999998	\N	\N	100	\N	0.98999999999999999	281.50299999999999	5	1488510000	1488520800
552	\N	301.95699999999999	301.95699999999999	0.13	\N	100	\N	3.3799999999999999	335.00400000000002	5	1488520800	1488531600
553	\N	300.94999999999999	300.94999999999999	2.8599999999999999	\N	98	\N	1.8700000000000001	308.50200000000001	5	1488531600	1488542400
554	\N	299.74799999999999	299.74799999999999	4.1200000000000001	\N	100	\N	1.26	86.004800000000003	5	1488542400	1488553200
555	\N	297.92899999999997	297.92899999999997	1.4299999999999999	\N	100	\N	3.6000000000000001	151.001	5	1488553200	1488564000
556	\N	297.45299999999997	297.45299999999997	8.7899999999999991	\N	100	\N	2.1299999999999999	163.501	5	1488564000	1488574800
557	\N	298.09800000000001	298.09800000000001	0.5	\N	100	\N	2.0699999999999998	166.505	5	1488574800	1488585600
558	\N	298.76999999999998	298.76999999999998	0.070000000000000007	\N	100	\N	2.02	130	5	1488585600	1488596400
559	\N	300.57400000000001	300.57400000000001	\N	\N	100	\N	2.6699999999999999	98.002200000000002	5	1488596400	1488607200
560	\N	300.65100000000001	300.65100000000001	0.19	\N	100	\N	4.9000000000000004	52.5002	5	1488607200	1488618000
561	\N	300.56700000000001	300.56700000000001	0.38	\N	99	\N	4.4699999999999998	30.501799999999999	5	1488618000	1488628800
562	\N	300.25299999999999	300.25299999999999	0.13	\N	97	\N	2.71	20.5108	5	1488628800	1488639600
563	\N	300.19400000000002	300.19400000000002	0.010000000000002	\N	98	\N	2.0699999999999998	38.500100000000003	5	1488639600	1488650400
564	\N	299.90899999999999	299.90899999999999	0.029999999999998	\N	99	\N	1.76	53.0002	5	1488650400	1488661200
565	\N	299.13299999999998	299.13299999999998	0.14999999999999999	\N	100	\N	2.1600000000000001	93.002300000000005	5	1488661200	1488672000
566	\N	299.24799999999999	299.24799999999999	0.079999999999998003	\N	100	\N	2.1600000000000001	110.50700000000001	5	1488672000	1488682800
567	\N	300.541	300.541	\N	\N	100	\N	1.6699999999999999	62.002299999999998	5	1488682800	1488693600
568	\N	300.952	300.952	0.02	\N	100	\N	4.1699999999999999	338.005	5	1488693600	1488704400
569	\N	300.95499999999998	300.95499999999998	\N	\N	96	\N	3.5699999999999998	314.50700000000001	5	1488704400	1488715200
570	\N	300.52199999999999	300.52199999999999	\N	\N	94	\N	1.6699999999999999	311.51299999999998	5	1488715200	1488726000
571	\N	300.04899999999998	300.04899999999998	\N	\N	97	\N	1.4099999999999999	298.50400000000002	5	1488726000	1488736800
572	\N	299.755	299.755	\N	\N	98	\N	1.1100000000000001	232.50200000000001	5	1488736800	1488747600
573	\N	299.22899999999998	299.22899999999998	\N	\N	100	\N	1.4099999999999999	211.501	5	1488747600	1488758400
\.


--
-- TOC entry 3535 (class 0 OID 0)
-- Dependencies: 212
-- Name: weather_data_id_seq; Type: SEQUENCE SET; Schema: public; Owner: postgres
--

SELECT pg_catalog.setval('weather_data_id_seq', 573, true);


--
-- TOC entry 3366 (class 2606 OID 38849)
-- Name: PK_weather; Type: CONSTRAINT; Schema: public; Owner: postgres
--

ALTER TABLE ONLY weather_data
    ADD CONSTRAINT "PK_weather" PRIMARY KEY (id);


--
-- TOC entry 3356 (class 2606 OID 27034)
-- Name: cell_height_water_pkey; Type: CONSTRAINT; Schema: public; Owner: postgres
--

ALTER TABLE ONLY cell_height_water
    ADD CONSTRAINT cell_height_water_pkey PRIMARY KEY (id);


--
-- TOC entry 3350 (class 2606 OID 26923)
-- Name: cell_pkey; Type: CONSTRAINT; Schema: public; Owner: postgres
--

ALTER TABLE ONLY cell
    ADD CONSTRAINT cell_pkey PRIMARY KEY (id);


--
-- TOC entry 3353 (class 2606 OID 27014)
-- Name: cell_state_pkey; Type: CONSTRAINT; Schema: public; Owner: postgres
--

ALTER TABLE ONLY cell_state
    ADD CONSTRAINT cell_state_pkey PRIMARY KEY (id);


--
-- TOC entry 3347 (class 2606 OID 26881)
-- Name: district_pkey; Type: CONSTRAINT; Schema: public; Owner: postgres
--

ALTER TABLE ONLY district
    ADD CONSTRAINT district_pkey PRIMARY KEY (id);


--
-- TOC entry 3364 (class 2606 OID 38793)
-- Name: pk_project; Type: CONSTRAINT; Schema: public; Owner: postgres
--

ALTER TABLE ONLY project
    ADD CONSTRAINT pk_project PRIMARY KEY (id);


--
-- TOC entry 3361 (class 2606 OID 38160)
-- Name: pk_variable; Type: CONSTRAINT; Schema: public; Owner: postgres
--

ALTER TABLE ONLY variable
    ADD CONSTRAINT pk_variable PRIMARY KEY (id);


--
-- TOC entry 3359 (class 2606 OID 27206)
-- Name: state_pk; Type: CONSTRAINT; Schema: public; Owner: postgres
--

ALTER TABLE ONLY state
    ADD CONSTRAINT state_pk PRIMARY KEY (id);


--
-- TOC entry 3348 (class 1259 OID 38832)
-- Name: FKI_district_cell; Type: INDEX; Schema: public; Owner: postgres
--

CREATE INDEX "FKI_district_cell" ON cell USING btree (district_id);


--
-- TOC entry 3362 (class 1259 OID 38806)
-- Name: FKI_project_variable; Type: INDEX; Schema: public; Owner: postgres
--

CREATE INDEX "FKI_project_variable" ON project USING btree (variable_id);


--
-- TOC entry 3357 (class 1259 OID 38184)
-- Name: fki_cell_heigh_water_project_id_fk; Type: INDEX; Schema: public; Owner: postgres
--

CREATE INDEX fki_cell_heigh_water_project_id_fk ON cell_height_water USING btree (project_id);


--
-- TOC entry 3351 (class 1259 OID 35406)
-- Name: fki_cell_project_fk; Type: INDEX; Schema: public; Owner: postgres
--

CREATE INDEX fki_cell_project_fk ON cell USING btree (project_id);


--
-- TOC entry 3354 (class 1259 OID 38190)
-- Name: fki_ecll_state_project_id_fk; Type: INDEX; Schema: public; Owner: postgres
--

CREATE INDEX fki_ecll_state_project_id_fk ON cell_state USING btree (project_id);


--
-- TOC entry 3367 (class 2606 OID 38827)
-- Name: FK_district_cell; Type: FK CONSTRAINT; Schema: public; Owner: postgres
--

ALTER TABLE ONLY cell
    ADD CONSTRAINT "FK_district_cell" FOREIGN KEY (district_id) REFERENCES district(id);


--
-- TOC entry 3372 (class 2606 OID 38801)
-- Name: FK_project_variable; Type: FK CONSTRAINT; Schema: public; Owner: postgres
--

ALTER TABLE ONLY project
    ADD CONSTRAINT "FK_project_variable" FOREIGN KEY (variable_id) REFERENCES variable(id);


--
-- TOC entry 3373 (class 2606 OID 38850)
-- Name: FK_weather_district; Type: FK CONSTRAINT; Schema: public; Owner: postgres
--

ALTER TABLE ONLY weather_data
    ADD CONSTRAINT "FK_weather_district" FOREIGN KEY (district_id) REFERENCES district(id);


--
-- TOC entry 3368 (class 2606 OID 38863)
-- Name: PK_project_cell; Type: FK CONSTRAINT; Schema: public; Owner: postgres
--

ALTER TABLE ONLY cell
    ADD CONSTRAINT "PK_project_cell" FOREIGN KEY (project_id) REFERENCES project(id);


--
-- TOC entry 3371 (class 2606 OID 27035)
-- Name: cell_height_water_cellid_fkey; Type: FK CONSTRAINT; Schema: public; Owner: postgres
--

ALTER TABLE ONLY cell_height_water
    ADD CONSTRAINT cell_height_water_cellid_fkey FOREIGN KEY (cell_id) REFERENCES cell(id);


--
-- TOC entry 3369 (class 2606 OID 27015)
-- Name: cell_state_cellid_fkey; Type: FK CONSTRAINT; Schema: public; Owner: postgres
--

ALTER TABLE ONLY cell_state
    ADD CONSTRAINT cell_state_cellid_fkey FOREIGN KEY (cell_id) REFERENCES cell(id);


--
-- TOC entry 3370 (class 2606 OID 27215)
-- Name: cell_state_stateid_fkey; Type: FK CONSTRAINT; Schema: public; Owner: postgres
--

ALTER TABLE ONLY cell_state
    ADD CONSTRAINT cell_state_stateid_fkey FOREIGN KEY (state_id) REFERENCES state(id);


--
-- TOC entry 3517 (class 0 OID 0)
-- Dependencies: 7
-- Name: public; Type: ACL; Schema: -; Owner: postgres
--

REVOKE ALL ON SCHEMA public FROM PUBLIC;
REVOKE ALL ON SCHEMA public FROM postgres;
GRANT ALL ON SCHEMA public TO postgres;
GRANT ALL ON SCHEMA public TO PUBLIC;


-- Completed on 2017-03-12 12:29:46

--
-- PostgreSQL database dump complete
--

